owner,NAMASTE
FYMawfTKZ72g4xh74cVSfgG4mZJq6AQXsYZgE5tCFt4V,8
D1xyTj5f1nfeYsu4TzuhACcvmhPrmvFhXRm8FTWDf3i1,2
7VDFATFCbZuQkaonbBGTUr6b4HxGM5KpKoh13cEoAiGL,1
6Xko7oi2Z6gmaAPaGTdtkPyUW8HxGpGiLcPi8SfkHmub,1
F3XFAGTzpFj8JxXisLi7tVHdRe9iFsgyBdtkezisb9iG,1
HAyiLuayxwgJvwZL5RURjLxq6NAdts4cBPuSVdiyQjaQ,3
9CMnpG5MVmR6rkJ7rGHuuKvkejN8iC7G3VeJFNs4KwdJ,11
7r5JiuQETrP3cNZNQa36E1DeUBdTUEphtvnWUbt2qajY,1
9mqYXGxpmpuiHP88NmFmryAHxBUV4mNoG4Q4CSKJZxHn,1
46FSvTSTKZxLcQc9MiD1y8BNg6T2HWn7DHFZMJmpq888,1
GYY7C4yTXpAEXYP6KddVED9sXb1FhT8DfL2AXtPstiJF,2
6vxtECSd17JUM7ybX6Eb88oGVDxh9hyqsJPXWNJ4bFLf,2
3VHzFq9xd53n84Nw91nVzAn4Gm7dgsUYqYhqUNRku2y9,1
Ya5sQXu7Q6bjp8KWv2FfaBe6feRqmvCx92GDtcd2eMS,1
4ho2aJomMau8pqLRAZNF4HVYpcSZLrnaAFLvgFHZH7VG,1
HTmwdif75ny1uGEK5s28nmLyALQgUuHBZCkLq51mdhMs,1
y822Suse4UuKwRcC6ZmfiZbLqijjqQESJtEzgriEcrv,1
2jthGic7E5XEoWEXPUDmwhTdbGHX6FFUs3ZsxhvDrXzm,1
Hy1o46aJbZvGPCb1bjwMrpNZ7bM7jHhxnaoh9HbaWkXy,1
DdTFUM7kT76PkqFkDVxTTcp9nJ7v616uQx6ygJeBTKTo,8
B7GyXqqDmQdBgzsofnyB1zVnX9J3cmBQ4REYWDyupcwT,12
EYsLXhd8JtR5NA9aviSyDcJ2RVM6dzPePRydrP8TmpT4,2
4fhhCU8znhghbePJ1597SeULjNjWCTMVGDZYwhru1TCA,1
D3wHtrQi35fQLAKd9VSqwemTikGPYYRtX1epHKtWNA5A,1
DMf4vcsw8cX5khU7vn2SJFv3UDVoN8DjfnbLXg6QLaVT,1
Gnsbz9w1u5ECnZL1X6KRq5TXHMW4dtAyDk5QHEmcXXaf,1
A4BGcSjPatFv19B66VngRCifSx2hcDx3SFPzAoSCeQBY,2
H278PekRws2BnBUBfqfjTUTaGVxTst2pt92Hv1Tkj2yM,1
ABD3YXPJcYKoikFebia9dtJ1rDpa9cEySckCFay27KP3,1
Hze1JSomp9FTDXtmV25n9QAzYQqakpS2BcZKLVs8NAAy,1
GRowGA1cq9abztLhXJykXoD7sAnxUARQap2sRX2CZgpv,21
AxcswTmFFqCihtynq6c21MKzLRuHw1EvJFJA8nob7nQU,1
3XGD1m1rAo1JrVxU9s6T51XyaoMxKEzwUqGVQfb2xa4C,2
AnuFP3xM9MQNJFjoFHZ73hANPPSb8um9tWPuNTEKqysi,1
5f6tWdNKTB8H7ATGXc2BY1eZHrLSpgFLcr5mZd2GH7zZ,1
3z7Et8onqm7CBkYcVP3p47fn7hGFDBVzTJbMmA2n22LW,1
s8EZdFoi1BpyZMRhhXQUHx3vLyeJKFmVZGR5pkjL48D,1
AZDajJyRXTRu9gfCTFZgJTkqvQHBtA7W3ab4y5TdCbew,1
8ow3SpPDVVgchvpm15ynwW4Y8vGK1BhGvfF4eRca3k2A,1
BcjL5DztuX3kE6GyGaCcuCAMC4uacANPPqMGRZom2HyZ,1
DKM46yeSQVfqj3aPGYasSpiwrXPXLRykgHXb9UcwmQKj,1
4J9gQApYXZYXjGjknnMPihwWHeAL2EFGKxbpJJxBNbXX,1
5xgz7uiKh6MbmJvGC8SzG3sS57xD2pduMPuwNp8dq1Dc,1
5KkFrNatpyej9BnxbFQmT1GTkcHx7tK4tBSdUEa18Vpa,1
Aetgffeuii92PVsnAY4PsPW87FcTnKZiMxtgDrLZTFyH,11
5BHfQ6gQkDMwNjMNZ6j3x1gUai6rNN1vYRBfw8BQrVfT,1
EtWBnjfHhCE6tq2YNJBMs1aD4VaGhRypzL8Kvfvy31F1,10
3GV6XpU6zuu3EzByqp7V3arFGA494tyokT1EjWXepmnU,1
HYhTsXziCYUWbEHz6DrWTDdQioRtUakpdV5JCecjpTmX,1
GxLbr8WeH3f7CtsLFKc8YZpTQDXSt4ZR7Y1UxcmEgAEw,3
6aRj21mFEjXeDcXaA3KWCKDB2ZM4MhiMXSWEeAjoPpuL,1
Fvo7vfSWGqe7JeipR5LczVTgGd4YPQQu3BCF4eiLeAUR,1
E9PrgmVxP3JyitSkMTsBgnHAdtykyEeqbLpng1t6Nk78,1
4id1Bi2zoj3N2rA5MRLmdDGrGQjRG3x2tAwPZuZtakme,1
2iqQzjqgXVhKy27BEWtmA1V3wfN9TtxFnpNFXWZ5o6ih,1
CEJkxfAMDdCZu3Ei6fgFXRjzfGSBV6YQ5FK2ev7TywFw,1
H1iMNhqwTbiq2ygkrDRVjBRZYf17ZhPqu3R6Z24XdeAv,1
DjqM7QBcSaAdqnWQupPLhQXYXtwPQYv1XrwWtFVFMRZ2,1
ECLZTgMn1RgPUW8RrVt3cqW45zqXztcL1AThLKym9kh,1
63swPVKEU2xX72fGjNBLGoYyzC67SErWxZehG3X72CMd,1
4FB8cEwhL3Ki85wS247dHx7jJaD73sAkv8QcX7gjzaMk,1
AyrZMKDmhKi62KsTohwhNGsMDTuYS2B3r6avGSnZy5qz,1
7iWW4G3YQQD5Ejc9Hrb3hxecBuHpLJUeUga8SS2HZWzy,1
c5qwRQP9duk8MF9WC4aYKYa7sH7xLMqCVddd7E93cdz,1
B1JwjQLUZWcoyXhquyHFvgwDg9Lf5NW1DWq4GznP8VBq,2
AnycJxKYhQi14pwUB7Vc4xdL2ckV7tN5nAfmA1kP8Luy,1
AQxnc8M5eTBLAxydvnPVfnW6qPDrPuP8tpPqgei9strG,1
CUxB4DAS76FDXHXk1DX5oon5RJxNE3EBqVyQpdUZ28s8,1
5P2NAiHH5x8XkTvbNqLZFjX6JBHKaEsckep9vWug7VyB,1
Dsq8ZfE56d9LhdDLJQBFoQL6GkZdu3m9iGC5wc2smXyC,1
B9FYjTsrLjqRzZFUBiC3x2LdTE7GBNb6yPcjd8q43jm3,1
AKaJfz5XM2pS6geqiGqwqwBagY4faqA1TG7qqVdipCt1,1
3drnafq7HqismZpmH1Jp7d795jNgQucHX7e1ivjzXAXB,1
6uMboxpv6qtTLubvbYt7pwYdvCyDo7TzaBZpmr1H7js5,1
2pjo4Lx1agEBhRf4kT4B8gH7UFYVd5SBAeVeDApKWvwq,1
JSBv4NjAkW1cs2MkKqrLo6tdKkqhPunVXwSoXLydF6T,1
NAMAwQdE7iDocuZWvbWHy74MhXyKFVfgmkphAoozzaW,1
6bLKNjr9hK4HZbZ8iimTynbhLiJfuCzmmmgfgFspSYY3,2
49wTveYezYS8AFvd93KXuSP4eVmvh9ZwiHp23Lj9TWM1,1
D3ssUWuKoou1PRyUVDfCqWtZyJw2gxcrNQ2G9QCkFq2w,1
Dczbny4xvVb8KU5HFWDbTTuDYoSp8tiSopoba38QjLEj,1
AVSFyeDdaVRU2bNpoYZjNZUqtbT2tzTLkP4SRYNMqShu,1
DgKWmssQt2DJHHi3ykRkg4S1r7Ed1ozZEwdJdUwpb2a6,1
Dc2nkZBMFhwJrf6gdjvuBMXtowVDEaAdMsDGJPsKwJei,1
95iR3EfYnWmuTtUWXQ8C7D6nRYbdXdVgNLsjtWN1By54,1
BACJ68NuawFRuMbg5d4ooeSwoXZrHUeif88ocw7tBM5P,1
FSkUFA3rKv4pqQe1qA3QJbCf1ZDLNqYea3uwkCtAc4S6,1
HUp5pi5zco7QP47GJtskUfqsuWnDHit7Lgc5ZQcCk5h6,1
AzRmA3VrjiHM5dfFG6kPCwTuyhRpTnUmSRut9qNFudVy,1
EzDfrh6VS6LzmfuNGaXkVxGwkQJLNCsMqeLdYRG4Y8GD,1
2iy1ejLZtrjpmNeUveBUeMJe395ECrFpXcNved3BBkwo,1
BaqLQ8tkqmYKziV9bxRPMzUdr11xUjgnT2qV7KUxAtRm,1
2rBJYTNXR7XFuecD5xxQhgLS2T47g7pSi4sWUd1B5czn,1
7bSrmPXYSg73BiDkhoDs7DHRTJ8crhWPHkymVboSkkd4,7
2R2vmFRhKnwdLo6Rhr9u5o9jr7GGd4HSxTvKNQHnrnpL,1
FxgNeoRwdLHq1oSAwSxDvSfSFrBfygnR3wUFMfVYzrNV,1
AKqTBz4Pz1HQYTWMhxBuLJ4MZCozQBunhRT5DuZWe44U,1
7M4ihTduWciBykzMrrWDefX9gaFG5UmnEW5NGTsnDcX7,1
ACp8wu7djR9zNgY7kwJtuRUZQtjTX8BvmRzYRFFi84vu,1
FoMBKn7YN52YrA3vV7sMn9VCAsAw4nMWBYc6q6HKtYgA,1
7Rp51HCQBf3TFivfqMk65pAKbtogwrUpEAtfN3f8Ciz2,1
pNybTr6rzsoPYpfVsZhTyRFHnM85M3oFi42geBfuua5,1
5kL5mzA89ruX6hyizwBtQGS55iFajyvMXEwJDyfUU6nD,2
8SbUxqaRxJq9mA3CNLYGDLfUYs7ugYZaebkX5gsf3Buy,1
9bU1jJgopw9eGYuiFP3j3YtjzaKvgvWm3GSa1w5gB365,1
H722CxJw4ym1mCtvmeyRWW4UuNsi1fmjypPasMtzd2DH,1
9hpuVz4DRxcDpEFcwRrL8jbVErLhmRqKeVoYFoCwDa9i,1
DuRP9FggXcVcoNLvwCtD9EA3LVk8p6qvtLyNiLBrAS97,4
9YNzgxpvK3gY8hJ9J29FUMYht5GwBqvsxbupRL5Jp4eF,1
98i9bAFB39YGKEAFdCrSUp3KJL5gA1gDzQ5ZRq8UkZwg,1
7YVv7VLzpppeeFBQyQXMxiQ7FxpQbRq2ChgYUEmDZ3q7,1
EHZYUcnZG7nomaUpmHLAYW3XTNJME27j61WhXJdGqq2a,1
xvDGmFrXL5CCdo5Vr1fb4tUKfSqzUKgpPb3nrH2gzLW,1
AWocXdA5Bdmcbd3RFQYEJpeY5GX9ea1SwLjDcEV7Mw9P,4
BRneNDE8G3U48vzbZz8nqWsmbj1gaPYrt8q5fzWGfDsg,1
3R2pTUiZGVB8qKniW7NrPfsgkerembbp1Zxeh3DG9Tf3,1
BxD7E7Nau9173SyqJqt6iMX5MAjRksWG88WfRgc3WcEU,1
9jY69amvu42wSdrKPdzPPiJjfoMB5nxaZbU4KV95rS8u,1
2v8i882A3f5tk7Uz312XgtFUgSHnpYjvPzN2JQgir9J8,1
3bAGPYdNGdM2XhSuCJGvUu7nsyVqL566YuAcD1GtKua2,2
TopozN6tRbeghtDFZALdy5THQpWG8GysPtBUqs8YaxV,1
ErKoYy8smCgxLx8jKeCJjUh3V8Sxr6BhPeBpHwXa1c6c,1
Ein28FYxSeaaz2qTrGcPKnaWuXEpfkSukr95mdN4fzWU,1
9SVRqdheCn5x5GncSQJtvaWQ6iCTEm2P4Urv5nUd4Ao4,1
6VAq6qwcC6A7QxU7QXL6d5Y7t6WfmaGqQ4bpKwm3FwCY,2
CygxJqf8RcAbnoQJmmR3VmExEDYWe8gc7Q1LF3fTRHZj,2
5n7GWDEBEqcLUAvsmwp87KBcbusBNMiJFBpFKRhwi7wR,1
EG3rvyrbnGrJFbeFC29uES9Wm3RDDkYatSnP94NARLg2,1
4rU7bnXeuSrmr3d7Yt8T5cyB7tvfBEwkjtZKX31qDvAZ,1
9wAojhMgL2vj2oWiJzNUpTCZRUJKNgdxBmTKaSeF972Q,3
8vbMUanTxC7fJK2z6wSf58VjWZyooVKDPKX3m47Ajnt2,1
7d6Eh26D6J6pHjbxi8pypob3VaZnKvSyafwXXgvYPiEj,1
G56AMGHdKpqEcq5G9heyTL7VKJRrHc5jARcUEAhAJAjk,5
8J2TZMfAWqrtszMRzwqJsSDob73KsYhMw1eWBWiPQr7T,1
H1hW7CgqDL8bgRgBRbubKJgoqDn3hQLXpSsUtXtMdxoH,1
4A4VGzJXViNsXpJQKHQrUqYvF4TbNR9ND7LWAkT2fgcD,1
GnBxxBuxrBMqbthvAYPiz8m8KvS6huoynA5fPi1S33kQ,1
btLAh7CWB8dH9Lw3DqoS7dS9MygmMFvYEME5XxtQVKQ,1
ArY7vmAJdntM6QSskBtRfWe8TmuMY8e4oiuJYDAaHSLd,2
2pGMf9k8bvQ3msxikzx6bhfgL7siuqWz5HaDuw7HXnP3,1
Ch4tdxq5MLiEAVfKfFyBjVw4sja1JmuyF1epUTuuBUiY,1
5qtJ4LuwQBKmP9KYkqHBbMFeVk9LXzyGJAtVGjRJMrwC,1
9VjqFt62WT7JxMxMWHqtWJcdr3Zu2qfm5vtNyyVZgm29,1
6AMM3Fug5wdofziufwAkF63LP2GfkoaqsKKeiEtMqtW5,1
vqaLnVspfYL3X9X55jKb3W9iMMyagjagEn7i1LhfTzX,1
8tg1ncYcGSUdXr9bP8CtBEbmGthvZNgRaxbvpRprXtjD,1
3TokiGkwekhqVy1cD2HRTWLa8MB2YQsg7mepsowME7St,5
9vJUzv3PxcvvRCvBST5DmNUXGvsnPay3Ridx8bWLUbVi,1
5yCN7Y2nDY9WZb5pJaniC7NcPGPPqS3ZSopLzGwtnh45,1
BwMEEmp4apPdeiDBQepeVtWPuVZszXV9ztgQGHj9Duxs,1
7SxNpYBvPkmsRg8oo2yR5gzNRuWBzxsEwQywpe8eXjom,1
8NAXLwBHHSoL2QRfeXirawUb6An3DCLfqf4ewCsyKCYG,1
21x1sVSN49zbYoustbNqyZ9N9fi4BbayLNcz9mGbFgRy,1
QPi7qvRey1jk9XDrS5shA7MxwhExqhrnBHY1YeETUtc,1
8sFmZeZ3sDpNex3kJiF5z3XE59PgNDoP6eXwm97JCAxc,1
DaXmJ45qSABmrFWejf8TU2rx6587jCYHskSpYnmK3VYV,8
F3s5Rki8ZQJHN7BkcS1d2XScn7jmXrSp6qocQpX3RfBo,1
6xjpTvg3S1mirvMrRTjnQmyqDpM2M5BqeHFBg1cSnMsT,1
DPubcbBRjBa5ddR3HbwyCqt5ZAr4ZNP1MNJHMT9T21ox,1
Hze95FdKgDJFGXGy9nXY24nr5wRjohe35bjZXKsYs4yo,1
DyvxkHPTM8Q9VuhJRnTPv8K8PvL7m2dNs9BbEzkJDGjp,1
FWEo8KgNKQYNit9vGEoFjWEWV1ssTziCyvYHGc29JAWp,1
3qj1LFLKbA4FSnVHvaGe1o2Ei71NDXmqD8AsA8DTMznC,1
FwWv4zwLCBuzaUBP94zp7G5VyLDp4mdPz93ktv2xRDJD,1
FotBwdzVsAb29ccgYqJtssUNBjo26AbqGBpQTtypEcq1,1
3YyPrfJYPw4g325segMqAojVzoCeXbPkFQ1Y6F4hHra6,1
67pUPD8ggjHjGiMEEkiKmQmt4HRTL2eZDjorAQmnMPCt,4
ERT599aaQ3Ktakxbp5T9yLryY8FrR2W4vtoAq8zVwGRa,1
A48hpRZm6492woQnbjijQNFXdsME9o8AVynQqNhV3kJa,1
7T3VnF2DnB3D8cYJDWMHYLAyYBBfapHb85hGvtFx7A7s,4
CGLo46wgwTGiBj2eagYMETDpwgEoWYnVXjLFWbZVRzur,1
8LMSPwxz4fivfG7MAJCHEDb1bavSJ1jAkniceCs4xX6e,1
N5QXCmRjQaBLR5RjMeTziSaH2ZR852tAzMSmVjptJ3M,1
Am2R2bLH8VLgh8i8nxfm4g6vfxRiJxvqzmbGJLFqWvWH,1
3MuEbMP11MPV8ju7kYCyA1ssYx39Gdue8QHujqLnqq6g,1
BqwMvoR2ktaQcWDMsUMeFyes4UEE5yWJaxn6kBVjPpBH,1
3imtPCBVrjg5aRL5DLLfM6h5v2RjBqNnFtBbzVe75br9,1
ATLtvDsjxQc18ApESTVFNYHGRDyBL6THYTfbEHePqavP,1
GrFp7bP4E1gbfMGACBXZNU74p43QvyKQqck47D3Hk47K,1
H543DeDjwpvLd8KQNooDRUqQVpYipMBtjsLpN9Y6ienM,1
CxFpakobJ6WV9LTJPgtZpJqz3y1xVgJL8aH7GYh1sDdH,1
Hkx4F168hestca3h99fks6KHLVgfUZ6NNgBCXaemSuEU,1
D4FsQXcnJrGSKZuoJudnYNNHQajhARTALEsJ2C6fP3E9,1
Fid7VBzNLGRLbeBWJR2CAP4GnVCxmZmURobkQiPw8nXr,1
GnFAPVn3jPuW1jm4EjXQYenjfGe9ZmFz6NusDB1gHECB,1
4Y9waEYXni5uNNT1P2jsxMYASMB12fAHeznNa6bxaCXd,7
fXaDzzeEZaBWdQLtN6vkti9rgt5QuSufwnyAhB1cSiL,1
4AtNt84JunsrTnpTkcsTzqEE7AyMsLmsPEUhits4mezv,1
2Lg9NRwdhBXnTuwUfk9oaUqp7mJZbFbzyBY5tsXGpTZs,1
GBeVRDzw5aBGCJxgvTX5M1j5q7KHMSteXWhPmyUsDidP,1
H1op7jRGPnFVRSVRP3kPQJWipFa57L9WvywembJZUMNf,1
ENSzcgf9xmFkw2nm9eJZJheAbzv6iWgqqUFo7gcX6YHo,1
GQTevBHbLo2SGe9y487ZSpVKDgxffix7GY2ZJxuuPo6G,1
CQDEueW9BJFH6yFRVpp4veKJkD7SNhefALoBjnEwAYmj,1
C6PiACVoEHBPGQk8ArS2rKhruqA49iHvntCEVHzYm1Lv,1
ARipcVwRNPp2D2JmxrPwDV6pR1CyfczCp4TAQSUMWN3Z,1
2F4cBYMg1WXeBvTFoWa3Ec2Vp2WMCecP1jfqoEncWpkK,1
7Di3k6wzfN7GsXJULvqGnu1sjHZECWj8G64DUvrbxVdd,1
8NDk8HSCEDvB9XncJEy6AtYiJFNfqYGTWCUPTH4xF4qh,1
6p99wNL7nhRhLgR5L5BC3rNT3WSkKpH26TBVmYPvKeFa,1
B2RzRUyAf6neBvjy1UZ84uwhY7LsBoEGHP3bX3JvLG9X,1
F9u2ToTQQDYTEzgDEfh9yyfnFuJK9JLZja4M9SyP14mH,1
YpEuA9RetRXD1N1ymrZCXR6PFXsJKNGbLSF6SPqUCCB,1
G8sHs8WGUk1qFTbPvqwnYD8CqeJ6aaYJ6NRgtLo3fidD,1
3S5XGtGF86yfoWbUbSQHugYvLSGsjPAY4wAWXdebhDXX,1
3gBd3pZKexo4waSY5r3pBM9AhvuT3m749yCV7qy5QBEy,1
7iSG5y8f4DHtUEPLcgWQnJso99JRB51opyaRoH8qWZ8r,2
2MEF5UorJwikcHg4r9wkngecrnP1tiH1pjkbk3mpfhGK,1
DrctKTeG1aDRiPBVAwS6v9CFnnSxmnJsyEiDtmGddhWy,1
8rjBZep7iTKBec3fHXh3KaK47gmujbvGQzVqZ18TeS5W,1
5HmXrqyzxT6pn8rmGWomfTTC6mnT5ZHc32jWSU4QSNAT,1
7RNNHvW1WnzaFekQ2tYuVomxsUiCq6DkpQq9Jaht7BWq,1
6T4sQTckrLQvyDA93CPw1e2GTS4oGUk439myAJ7tdztS,1
HQmb2kZpGEiwKnPAVDG2NmiRybjgG7pZ5nTN66c6b6zh,1
3cThpUeMfAAA1g7gS9UcHmexgkEEdpEfP1Y4eej3AiYB,1
4bYEdm4qq6jNkzqTzeF6CJCSgyi3QwdrpYogNeNxn4jK,1
FFAizpnj3We7CzRTopke7zsszVP7s2MavK3Mo2CA8eU5,5
ABDAKRTDRfDUbosQinqXs8NRH3AjeA4s2j2pFukzicFf,1
2wDzHcqt9XqhqPtGGDn9Am4LsETkJhAu5WTUeHn6eSSV,2
CviDTmbJPAvwVC3gxo3tyLPhd7bDEz37sUFsD5StGrBz,1
4khoEeQcJy6xy5ACGNsFqnyHnPtPnr8dtLd1dJoYLAxz,1
7QHqFwzeuqPRvPovEB4cqQoFksj6wRsTTJJAvdTiXiLR,1
GNdnLa2GtYBh6NJGtdAmhYS54bSTxKWe63QAuTDEuKSN,1
ERjJKCbohCjNR6UJ7PeHNZK9a4PnobcTEgqpRfjiXkg4,1
7yCWRyVNmuKHYJwyMk9LumJfX3hf8aXpEPMCVjhJEQSk,1
D7euki5kysgubz3vWWV6TYHq8psbtNvTCxvrChqUpQK3,1
9qSM2SBZcipnSD2Tmdb8yy1ASfEyc9EMwZpf8xfkL3NS,1
BjQp8HZp2tpfATAQarE3SbLVGpvJm3S8iMrdZLYvyJPj,1
EZr2QtRqC5D2LjSRpNVah2DiUdANPe2Rwb9tHBg6fF8N,1
9FoeaEj2rLfPAZyPLMQeZewNAdQjDy9wTtoqPQLXmBp6,1
H1xbewBs4F68Z9z9m7JZVCsSb6feRirBbHWgQF1SEhiX,1
956WH3Kk3EnwAcK3EKptkPHJcMnwNLQ168vtTKA3dNwx,2
4qti6FcMybVSLL2k4rqRQ3Ph1a2jGrzPmBN8Wmt4A5wr,1
4DYicnEiuhaG8P6abLTzmNEsNAvpaw1guFuaKs7QD3QD,1
7dzinRwKrXkKe86LsyJuqLrLhE57tZifuHQ4pAMxPHjg,1
DJoZxprcwAKb59FAhLDGV6GA6Uz8rtKjfUwCupncjYqU,1
6fJ6GEYHyQRPQFyKaMhhfG5ooqjvPRZFbh8CcpeBfcge,5
HhNmJyW5Z3FJ2QfDo9YgVQPwp93KU6omHo7ogAGsc9uV,1
3j4RxHoULCfLVGEUu5XakaLMQVGpeBEvMvXd9ukL8YZU,1
BECHAzzSSzFdFMdQ5H4B6T6WbSWGqU3vy1yViiwz7Wik,1
DWKK1pvdoQmXrj1nnod452tTJyx9r3eWABz1p5e62J86,1
8ASSeM87dQ59iigFDnvVxVszS1QXS3gHsp7DfeR3UvhV,1
DKDcSadLaZvGzbxXyNCkUoEbbzbxGKBXEPucfVwALmGc,1
7LAjESa11JXDQHfPye1JC7jvVjtYhignL8QdL8U6VCgn,1
CjMGU2ntdbEXrgwvX2nVmEgciebNL5MGj7FTHj9Se32q,1
FU5NKuFjLFwXABoegsdD4abKns82oh6z9AqhEHGbkLT9,1
3zAyB1F2RjvaUpYcVNJWFzts3F9c4fumLyKSgB4T1bTY,1
BBVfmajNTPqzuUTZHi1TaC9A86ANFWUBs2WTuapGutC,1
8iDwxgPchLLwaP5HtrcPhpE5cT6wDFsDyhwYXfx6Ue8N,1
Nf8SavyzPD3HEs6T9W1CjEW3cF8RqkMBGamDnmAnKSh,1
CHPUec1dJPjNyFoMtyWsbASrbDmJMcH6gXKhj8sVjSUt,1
ByK9REszeehpyQwZbCU6ndfpUhSunP8m35bvdfNrbQp9,1
3gXY5TJCTyUomVCLwffeBcS3SdXuoFoBnGhaom95ZLgQ,1
kaXUThF9qWrj4ppk4pmgTynzGgGcJEkFEhvoB4Y9N8V,1
59NhXqQH2jkLuG7sNVJCMe75neYZ1gK1pmYgtetUcHpS,1
6YX9MxGByrgYs93bPch4rgRuaxojGiXKsxi8R7EXkJ1r,2
GvjZnpjEJxkhhdVhz9aZwmkpUv4Durx76vR9g2zCK4Ae,1
BeiJYMFonzZthp45hKMUgXw9MpQKeskQoK6CRGQZPWvx,1
3RarUiLy37XerCuMdoJShktaPrhdSZBNZwnGDyYTJJ2k,1
Ajhf9YxAB6naeD49uWJLPzUE236VyTSXjo5GvEcXpwGn,1
F8WQ939iDkHUQ9oNxhKVpQWutzEto9PY5dEKNNAuf4nU,1
FDonRJf9D8ZAywHsf2YCsZLvusF46VsRujdEZEG7DveK,1
6CHxveNCA8wZirZx3fDK6bHDfY89VHHBZDpEpVVNBNS3,1
4wjXdPHFwh4tpvPUtQYzRKiXoR8H7iPErP2HxYMRhfGt,1
6JMsD6ETEzhKw8XsDepQwmkrgs7gnKBtkgxtT2s7ksCv,1
HVk4LHzAXJPkg6WWJMYsr69viDHP6ZwAHiQwrGD7VNVd,1
BKkhc5W7gkNXCW98CYBeFUD8Kb5yK5ZATRaPHQqr4dMG,5
HV7acfQcK3mjZXFYG3hFFaruiSewYK3FoNtpFa45G7a1,1
GEHoyuH7DbirqUw6BnL5pDAD4rEXKAHWrBPvkS1MPHJQ,1
6MCgMvMby28kciWwGZhLcaE9YXJkVZnyH4KxTYY1uU1W,2
DWo2kbTM36348CFHGFg9QDeDzp3HMRTdff5xN21NS2jD,3
C1G9E2h2uLjnZNM1FVFm5SdxCWnGZ2RjidktRA16FJas,1
7mFUcfRYaZEZCYQxNS6voAny78driHz2oDUPPyGbmnkt,1
7AVuVdWJnKKtBvebsmsYfhUAbzWJf6cMfp2UPhN2uerd,1
3xnBrDYko92Pj531G5FRtGVD5EAhpV5Dsj8zX2tuowN3,1
5VrYihmR9bQPpDzjmKuFzjS2fXHW1aTnZreHjdooqREP,1
EV3uKB4BsdTjrFAhPcFYUyKZrCSBjYBABxas1QCFC299,1
MUSHfNcWWrDggTGgCVMLqcmDpJCJzo88Fsdsa51q8Qz,1
D9Eo1iGGjyyZRE6np1rXkG4eF41AxnWAivACGxqiXYQY,1
GEBPDMFrDunvZUh1usuyPzAwyxVS2xi1iwfAm69sdRip,1
9SkXry2jzyuthzDiJfqUgcBo9rM6vqu4BpNEZEZcF4rp,1
Ci8EmdzjMduujh3GNs1AhgGLA7YHZBGeoExyQDUEmL14,1
36FZF1WMkqe9epLwjcfeftch5RrJSH3KKY8hiuMjBj8T,1
9ZYSBZqg1hNkSZVPuGnC8meVm6k3R5K9sQhAymFjrybX,3
25FZNEWdTAooS9xw6cAskmwhZWfovYwtgeQY29fhYXBL,1
7FUjffHVu6aCR1cBnjauoEH6bvTKfUuizqvAXeUG8kHp,1
4Qy6WxBvvHPC6ARBWqMxw9nfmDgwQ38ghxDRUK2HERSe,1
4dZBuyvoeZ4JQmjD7r253GW4z3Chsr2p4inXeZwgPVtd,2
FHhhWS6LBtXGHvcHKaZTnLaRfU2HB7q7odv8t6B7hvm,1
C4BWvTPm2nCbqhLSuyc7PPWUoVVe1pjrYhdco3MbZLaL,1
FuUwGYYJ5JMZjqSHveRSzHnMoZycEwKTeugBeWNBPFWP,1
5kULh8VyLdmGa8esvV68MHQetEL9nLaUDW9jKZWrWogu,1
AP4bgDbfMAfEue84kTt5VcSbYYxeqEFsEN2FB4C4akK,1
6PdkWCAGbHiWsVfM2md1Z8RiU25NLBwgiwU7MnDL7pTv,2
D7fWxTd2dPZ94AkQKMLsoy8ZF3niwuq4YEiSHRJ2vTNH,1
4YFuautheXQywCvLnE5bdTdw981zgjU8ABNT3X2PBsFF,1
E5AY1Mgk1K5SAkjEf4rFSoVk3dSWksn3TzgpK77gUSNW,1
DBbVemc3JzCUMD3mEAAZLBb1VZ4586zdFPH68xBqWfs1,1
6NgLxVfi37dy54CHrCKszsSRpJ7YABuZhfJYqFofLkne,1
ExdYMJX43NxE56HEpzz8ZgvZFiL4pXAchbrQdDhHL3rQ,1
9Vx4MZES94dvZJ6esrM86oRGWppNk1b6kmYurSrfD3un,1
a4QFvRzzacDjgxEhwVDdSfCsmgj7Df5dVeAps68BJgf,1
5GN1kMdmp96hFu4tYk6iS3JiXms26UswKhQNphGLm6gw,1
21RagaxtTFPLXGT11GQDwmYLWNsMtTo9dqr1espNeHRf,1
9XMyEUWRbNRs2XpBZNSTnX1hRgmUZQy7tozbnczu4ukM,1
2XiuJmM7TVywjqGaGCWxLVSDz4kKZytYHMtxesif7YER,2
Ef4t8wgUwkEsijAPgYetssYa1Nga8sR8tbEoXJW4UMve,1
FgSXCa6riezn9MTgcLvMUt87zUDJBSmjeNFLnX1Gba8p,1
9Q87hXy6GYwNQrrwobaCTsnVUdfbQ6zLeYULYdJUitgb,2
12LNmwQgJvbgrXPuadRfLMaoWoHaFMtovyXJnTn6XbSu,1
8rwJDUraq7CbCF3BFYtpBRc1hMHe9ZnitsvJr7YS1Ccy,1
DUtZYjdG2roB8gpdJ3vEPcH7rwbL9SRmC2EXCbbH4KLM,1
AVtjxHgMtZqZUmzxE5DhKnyPszbkZa71fVaV8UskmbC3,1
3MQKMW14YrqpgDC2y8xdymEgvGBd8HGjGvmEsXEQdpJe,1
Hr1erjY4ygZFywGvMk1oMvX5Xp6bwRREZDciHapsRB4K,1
5EmhkWwATgE1zuZL8SrXFGoT8HXAgobP4dgZv1m7YmwA,1
5rubw1pxJRTzQ3TfpAMFZnAPWBN6VeJxnyFp19cXu8uf,1
8vTqmx7yWt7f13TYjBGjY5meNdcgXBfx71w8dDCEvX53,1
EbzuqS1eVmxTq6ny67rEcZAdQsQimWDUistmASnspoLw,1
AQ8Ahv2djzPiaVp9wdZVrJZcvZcRFLkQmKMiKeSM7TEM,1
QAwxYf4n1HyLWVn3F6Zw4JzLJnH4BavDqdRJHCBkdFp,1
AKFLc7x3TyrubJn9KaHnRiAMgkzt8PGNXXuNdwVwwtgs,1
2FsxFx5pe6FdMyhpCsVQ1txqRwQjo1wTCS3FD7KigL3a,1
6jpRZDwfZ48TysjHTdJHAeiyZfYg5N4G4MrFtidX2BCr,1
GH2vw87ZNcMzBnXoaKmRYom5dskmH2FijDM5Sbu7ZBfs,1
9cmiDWv1b5zRJqbJsFvbKk5k7EXENddT9nvVCxaRQ5Rs,1
3xdJA6rLpX1YreZzb2Q4vUfH4Et24LAKgNWUDroLDHbn,1
Bu93P5oiH4rZyN9MBX2f6uXfgM34xUoRorF57nCGG3aH,1
BHWbTd4j1usPVaXHWF3xaZJH5TpcnitBgoeZKai2EoxK,1
F6FAYaV8sgW4YYENgRsmnovgNFT22VY28HkA9v81fNht,1
GHnkvHBKDHiGksSwcfJeM8wuMjrJd4hCM3bNH2GnDmjm,1
GKAkKheio3AbBZvRENoCoKRc9x6pJgKva8vckfdayiPQ,1
BdRwt7nA8CkuTA3Er8ooxwX5rgZJLWC8zJwbnQr3BXzT,1
7A9ofccc7aVPB8qdp7WCovVZTQDRYYiwzYWU5SQqTtRQ,1
RTp26f9wY2fXxeWRE7FkS9iVrsuxgdUJfDYH8GgoBH9,1
2vexQpkDWzM3pDwmJvSawe6uoJNJJccW5fS44cdGJLvJ,1
HTh5teLki8cBizXRGLXjMZy7naDcEFsZgVkDiWS69XjH,1
GVhp8efgbNm9GxZ9JDzBd1CZc2Er9bNw5gzF1xppUV4U,1
6SRdJHeKwGJJ6sKD9e63RsRc7NCFN33yjdEUtBDSAXDD,1
HwWFG1PeHiJqopjAAbQUo2vwKpapzJCCDzYexh6jSsGp,1
9Zfxd8RdX2cDCNi5JpncDoUSWQ8TwpPYhTMk2yMcfZLw,1
BKsbN3hwcYQebangireZWc15Y2E9fg4EX73ciZDxCS1t,1
92L9fAPLadQndXDjD1tKRYekT5dmQBo3XZg7FjxqE6Hm,1
3iDvqFVtDJtdqgU5GXLcyrrFYdsXrzED2onczoy6bWqu,1
3MCyHktkpUfF6CxCGcbTWgg6U9WaecqdajjaXUxkEJqt,1
E9vyR4BBFVQ9XRUw3DPgoQV8kEZ6atwXEtAx7DQb56Fc,1
6fr6VdEbD4w496CvjCrj4d2vYS7pTJko1iQvNS7Mx5XB,1
EWM1ARKKAyGWAQuc9qSoS9GjkJ6mLNeMQjKu5XyZarrs,1
9E68DBv5PShKbbWPPKjARaxs9Lz6mSGakapraig4rZwe,1
DBCgHpFL1jbHGZ6oEfRaRKEC7WwaM23qr7gk91tbGqLe,1
3oNYHXKrxccPGK2hZpx7ZpPPieRiJqxdjzH3GrXc3xHc,1
wg8wQk58tXpTxf5c7h5gvwkvG1jmiR9MqX9mTXJrFHh,1
GgsUVDRKSM2j1URib5mG19tU8hca2QTZcaooAr4fYQHh,1
CyWXZ1KhybGahbvuMZxcubcLejjV2kLUQKrxqm7ZeFPF,2
394iV6GMbpAr1VFMQJuFyLfPg3iw54ZohBqUsY8mGRfL,1
8dsN4pKv1gAkYmPqajdmn6kSAEco9AQeATViQtWmWm9F,1
ARmYbjpoGmfj8HBa2JxqS5eGFEcxgEioGifteJEBEgX1,1
6LSGJo1ZySa8Qke5MyZ4vp9oiYoJVm2zgV7N9ZTkdRqs,1
FnHNzWor1d3gCrtkzs598aQaBMCtf6r8QZUF11YSzwok,1
3UcKvovfLae8uEukBfivkt5yoS4XWTrNnvsbkVZG2FyL,1
DXosfrNVBLtWHdK4qdkHx6VciQmvdi2n1qfMUJBUiqYU,1
4BAFgHFmrC5oMQWbAfk5JuD68Pwe34MBBfBgEsukX8eD,1
7jf3XJ3KcTyJ79jtr7ivnwYbSMYRK5n1zgg31gsraDgb,1
85qm4onzKTFcqemNFNoSXiUxPevDK5HP3bkvswbzZieU,1
BEFggJfdJhdumGTKCzzh4o4REFcJ3eKMYLKU8ZfrkMsn,1
AXA8gaik3ckUTjK1hLDBC7quVGgvgjKPZFai3d8zceTA,1
EfRC3ng6jfqPJsBHQwk3jvqJUG8BdKBjeYNdjBfSuBnJ,1
Gkm6GZ3eH3MoqbncHrVnDC5QyT5GkixPyrR2CCzAhNKN,1
BF1iKnQast5wNdTDw5SM8V7LU21XJYj2rUyx4gLcaDpE,1
AQ87GwWczU9UNRQiQumQwMvFSipExDYQ5ZcdJJUiJVZx,1
Gh3wBLa5YZj3gyMHywm8oFB1J4qZCf5J7EPLCRbo77GA,1
5ryxn1VAsX1vrbU6gGnFyfZNvzVZQprapQWsdXqq28Ze,1
95TwLQ68R7bU4ABfBVuL1Lojf215nZBS2JztRE2vqPuy,5
ChQmQJsqYLwTnEVcBdJAA3J4gFuLd6Jxoffxtwpk59rQ,1
BjAZFMyEAYjnwoMMAWKwRYgRDuV7Sqw3WkTu9c4oTToX,1
ZUUcxZPQkMGXyVpQVp3YUv275T7yDUjS65M9i1noJNx,1
Ah31PbckoJCrWkyYfVteqgE8GCwWH5SrBB1MS6FfbJ7g,1
Hofizevk7YL23zK4BL9jDfgfD5xnWY7FRXPZUcJssYe8,1
CPKecZChVJ2c2xY8Exf9aWRFTGBHSkHhCTHQ7yUc93ri,1
J5rrngVpoJhdht1my3ghA866Sxj39495UB8hkd6uyUv9,1
2yxk587jzpLymzmfsJg3TMRmSNrcXYTDqbDU3L6oU2vo,1
EuuwJPomsZn9pH8ErE8JFZhAdgimgMNz33skuBm85qvY,1
7zQ7t5FqzGgL12QRp1AMkG4A5Fetk7QRfBZmmVYLFJwM,1
4SFgkLDgf3e7UGTtWUzT7moFsuFwuWQV7dN9P7bqtS1t,1
HPG7ZWRSC7HbE9VenzdLEjejkimgUerQkkQhyUaQAX2L,1
DVr6hW5UGtC8Yzrv69B7g12QRR3fAu7bNZ6zUdi5n5N6,1
62L7yWw2cVQPT4beqVmuSCaStE26tYV2jbdMj8HdFyVZ,1
GMq8i7NcGjTkWAtkEFSuNhQ29NtZhGFWoxNM5gRt7d5i,1
93Y37Rm27ULWpPESU2sYZkgXPMHr9o6hiv8QY6pjjQsn,1
8Jounio1ysqHti3MqupzgwPCzKndupUBb3sPief7vooG,1
Gzo5eNAnqeG4nKASrQQjd8LVvNxAxQnMHkHj2MHHjRMD,1
DUUAGwvRLCDK7N3husdmUDMXb1Lih9wgZyovp6ACYj7D,1
CoZgvw3e38YAdhVy5SKdEFHVPgfUWoUsB6QHWxrYJeQP,1
BSJho6w1fcbQTtASHfBa61cX4EJq9i7EbTrXeYoAnd7s,1
E9bf4LKa6bKStbrRVas9yUzKsp1s5thLvQNJraY1vvs2,1
4ZhTN1iMPr9sQTaFkiZ35xmmmwKRMTbzNqeXR2xQDogD,1
GiDc7E49ZQwu1suZJKcfS5CC2pVTQo3457N3qqThNvZr,1
37hX8GQR76UbyqytFtW5JXZshfdScGPBHu8Vt92fAgxu,1
FPsn5eNK8Z8tYVU94nf6D4A3oCc3BTCLyNqsijNpxG77,1
4Mn2qwPmsUuhb8CYpYqwonQo1bTssxymwGC5kAv7GarD,2
Fh9c4e5gtvWJowUCQy2BwHrNZcvUgFbMa2e5ik6KXikR,1
F16ZP415tUeV6xsLiQ3h2dFhR8iaMUPLSh8hp8jTCni6,1
DLQhxVujV8HMgouDf7mJfpxH1oE9qp8UeiqTAqNk3YDz,1
91GhRb5vnr6HyeAZ6XApkbCzJanreVjsMHjCRHco3vfi,1
7NtazU8Si4VwN4KxqJF5X3GbHRU4PaerPzQNxnTD2CRz,1
3CiutHeQ2zLYSF59D7TBk1Ri45YFweEk6yWp9b5CCXbU,1
92Y2Mfyh2TsQ99pigthBj9AvBBcooLCsXxNSZCeRBkyF,1
9DMDYrgLZiydws8xh8rmMvuPG7HtLXMbYMB1CPeVKLkX,1
AKvcirNckS5yXzW1N4kboprFazCpRRiu2UQd7ykGXXdE,1
6T9wxnwB7hMr1KzZ8ncFJFPbiDUoqakYYLDcbheRU9Kv,2
PMEaYFZi3byJ5aBas4R9MBZUMe7iWwWg3VTtQ6SMLi2,1
GJbySLK5M99A7f75oADQ9y9devBJzdn5KR77T1svdoYn,1
9tj4JZKghiF2UGm2eKv1GAPKYXyimmyXXqS8ncvb71oV,1
GPTug2Bnh1yX94xxumAgENZobTLqbj5GMfFvcNbzEw8x,1
8ZJc1WnJxBgyfQFfUbJR8RySiD7wFBD2JZL5SgSYaHxp,1
A3ECFC6kN8Jd6pY4YVW2wbSX6E1QCi3nyF2ao1JVcAKB,1
GksfuopCmJ2VbDqjvZT7CCWUWhFebpUtBHy1WD2ZXmj9,1
EsfZM7rYRkAcQmMQPLfdik6bEid4pXdny5ug1oVnkn2A,1
GTN3YrL96zyCxGvYdHuDK4h1aAXWjRKe83pFgPnqibSy,1
GDkbBWzDzSB7tqHuV9xKqJFR314EeMnn2VeoCff6vXZS,1
fTy9ncoiVeVX5xE9nfnubodBmRAcNqkConA9iTZX1aH,1
5QiBAE458tJgT1GMutkzUayGUpDPZ7yCxDDqjRnMQyAH,1
GY9vWAoJiLPhBVYxY7qAYsjyzzCumHy8sQ3FeVAfDcaw,1
AumrH8CKDPJ1rNzY2ySufwmvDGmhmtJuPFFRvgS5DJ8r,1
78ByEcmiJWKJgpriURx7j9R4wxURyYC8iqNvd5hYkqb3,1
Ghzacsg9mN1Rwq4AgbLuHmsmjShF7PLwaKeDbKW93HvR,1
EeVB5M6w3oo9NE3xjiveerNraBjtUAk3A69hS8XGAiUb,1
D531CfNNMx2tj3P89khpS3gEXdGgjG783tmHnF5xJwjV,2
J3PdfP91ZKRHpSarvoDd9Z9MCAr7yw1BLd77GLsBQGj1,1
npbDhQNdRZwnPMTVZXxmxBNkNkCNwa3d6MKRYsZyFLU,1
GM9UjwUTvXnrbheyEUqhY2xBnbMRYUWhWRpURzvpVCoY,1
CqRX5oC1CBKZorM5ZvHSwGY6shczcHKnENHpBqBfShDj,1
3ZSNuxQfDGv3P2EDJuuzcHkhudn3rWsoBjkFwCmYa8H4,1
7iKwSWJjAmBdcWtpr71XVfin7HT1tfjpQGaF8wjxMXou,1
5ge1eG9awyjZUCCg1L7KpqrPpYZmodb1WqrP5Dt4WRNf,1
AXcwUovXht6EZaoVJQjDN3hVo8R9pJpyU4tvJVS2Kepz,1
CN5VsprQ7SwzmJ2JSvJRpqgSwGLeFnq4o3H25Hiq4PtM,1
8s4yBZdaikdbwJA3SSXGWDC8vACwghXSRArfFFwfBm6,1
5X2Hd1NdEUBx7nhcBjws8A7EheeNeZg6eAQmA5JK2mAF,1
6c4k18xXHTqC4EuUibhuiPrUfVZCM8Jjb2kygHuPEuJZ,1
8sGEGo6Y2xeFd7gjkFiiZqThbLfMNLMEcoKzKZYh5roL,1
2DRuURxpJv4jX2eMg2rpsci8T4H23TmgexrVwxLj4gi1,1
6GxarMgCiEGn3xCe5tLJXMdGzB98CCPU9uiKssvf594i,1
6QpontYnFQoocEkX4AEjd5HH7R27ntasmQaoTphHumUi,1
GrmqHXnWSV6RGv3PBfYLLZGSxyojzhiEYuG8jNiRHDxd,1
9bBfmDcXB1m91eoJWfs7X1McZ62Qexz4itLCVh5BQ3fv,1
CJmkXro7WfCAyHcxwqf9ULtiDsVuynF7Pys5M9QmYq6S,5
63s726VHM53gcp3pw6SLf1pLY615uvWDjz5vL4RDBwk1,1
GALMthWUA1yfWgR6gPpvdVSPB22XvrksZR6qtEhbREfA,1
2rNhpBsXbfVxxLVXhrkYmEUVnud9Nd9kpHuQGHx5TbSX,1
8qWe43j8KMttr6FqHyKiEmFA4fpAxDYvsv8CCdRZWWrw,1
CpfhVVvD1qBo8Pzfu33MeGkUZvTbb4Dptp9KtLvMKzmA,2
9EEdnZTxmZvsZ1iqmDQAuyfbpTaTKv2fkmfhPWCSi6HB,1
A98Md4cQ3s7WoGCYo2ZxNSg9FC2h9BuA9AT7Q38f4Atg,1
46RQLQTUka893omr4jqL3xuND2wEPXcDCtdzBUFrRune,1
9puHmb6yKgsJNazNFPXHHz1u8JvwWJBBB5WFgFGQvq4n,2
C4KcCxiuzx8xgZfsqqe79rt9y8C8NPWXo91TZQFUBQCb,1
H9TqE39mRtfeW9w2Uu6qfv13TVMmQPaR6AruffZVZ1Dk,1
AUVgt9k1HknFpeMCW5bwGkm4rVpNYcQRvNT7jVJhy6Te,1
5JpYYfHEqfNuN6PyqrATTccnv3ieHQm8VLJksk42hJCx,1
Hz8UM1t4mZ3CzoWjycC67XGzVZGUerT7sC6dwwJf6tND,1
6E28eHz73TYiVQiKnb9uVY5UpWJq5ziM6J7TF1PruakS,1
E1ZFGxpmWckNmJ4KuRT6apCogxshsfqdy7A6dGS6eyDD,1
DgM9GBGTiDsTsgPk4ifP9d1jkfW6N2GDEZfKrUnvpZE9,1
BQaWpgPL9myAw43cagYiZcZEpjjR9CTkMmZqmsEeesPB,2
5rZPqqpmzEYEgQTj41jESrBPfxcmVh3k3M8s5Z7ZzibT,4
7tAHHTTrhoDJCPk6jKeY5dKfozYriu9acG1FJmHS1Api,1
63z84DiFRGaBdP4Fprw1fxdNVWKNLURXBrnhCvpAFYkV,1
GFBD3azM6uAWDc6PXnHRpL9DZcb7P7RkL8k3ggcXzg4m,1
GFyZoB8TEcg4zZcYjeLbWM3YrqmDw4GdmmvTQBi8oqq9,1
GdmsTM2YGJqEETtRbqCFxEVVK157B5SzMAKtv8DHmiRv,1
FE2pjrFBgjeaF5zTzR7d6ni6QreRG2uSN7G2S6g5yqw5,1
7Pn8kL1ebQrH9bddGxMcLEV6Tbw7AFos1x5NH3XSLCcZ,2
13PvRrTZT5Gh4gM5SdZVNvytKFv5G5Eaj66cT2W6jx7P,3
3f9gYb3jcUkNZXmQwgYx6LLTPoLFZDxvQmfp4zC2fD1B,1
3vcibuwBaaQ7Vg5yrzkQ9ogugGQYSmV9P4VAMyLjPF2m,1
5Prb9FyJ12X2RqbxxeHRCeJdFsvuejvuViv5nWC15SDf,4
4NX7jN8ewt4Ega1JbmubTc5VdufhDe2SRn3Zyokxf74e,1
HDmm1H3nGz5EkyB8R1BB7k9VAMFeJDkhgR7mBc1ZV41W,2
2ntsx3BMnyp6j1C4P1YZSxENURmFqrZssNz9dGUSVQKa,1
BtQLrgae8iCdWHUyNqr9rvkzkZGJD1ZN5jKw6HEoiWWt,1
8afzWPZHtHwuUob3mdbzs7U9qrf66f64V4U2deSY3usQ,1
HD6UApM4qW86Nx9iiaVCDdHoBfCa6W2RhuuHjXmjbYM1,1
CJrP3DbJrY7nx5sPJf3F95myaPxDfTYaB1oHHHNLLcN,1
w9ZdT2PrS2ioZqysyLcT4JFaQDyR17Jxf5Dmhd7a8Ym,1
7wJvFiZvWWhL25hwoSCfvunw7XgJAYpfNYpm69E8ECWc,1
6UJS3hyFUeQzznyB633X1Y4obL9Q5X7BJ87mXFYcLNX3,1
3B1SGLLQR9SC7zmycidcGdvh6xVv9vLv7xjLin3J7n7y,1
7R5tyxgZegwhwwBLqtMQ9Xr2C6sv79KgFZwFKZ8vUUXr,1
GVYjFvfM1Jnu6tijZkwigpyRDwA9ESJrZekxkMixS6Wh,1
3cTAaB76dPyV4wBMhdpTsJcBy4Ww9YX24sSFTFdArYm6,1
3brHWsTyzJZsj44C4imvev9Y7EUv55oRLZ6QLrXvfVB1,1
7cMSHPBnreGBKpcKhh4EPj2dm7t51TK2cjkuA6tGLBC7,1
13CoJyzac6jbLoMQZoWZnQXFyWQttEBnF5gUj3xpkytZ,1
CHDzDXTciRwApZm5g1R28QKoyuN6UHXWBrB57Lj1Sbbm,1
Bq3pX4QuNXueSkXQE3fCeojsogCU6KyzJp1TqZyEy7Vh,1
D5tYvd9LLBpyHTRvyPcazhdkABRE3qZQSRwD6QFnSghj,1
zmtuZxnECFmXR8qaj8Uho3aU3xf6hXb2wk6ifLdM468,1
8RC3P1RT18ynmtHUVV6aqt3vUheZtUUjF4JhsjdgvEEH,1
2jUaJLG61CKTxJh5DuWDayMKyJxhC9oKxPgFNGiVpoZq,1
AwSXfZuCgd2B9upr2kqbdU7JsUGXcDtmBogj6VMVezNR,1
36tfiBtaDGjAMKd6smPacHQhe4MXycLL6f9ww9CD1naT,1
EBr3BqSrX4h4539PCzpGMLUVgDeiaMDaCiaAgLynbR4p,1
J4upxjgBbJXMPY4tzVr6bMNW5QoFW8Qhbp4Lc8KprKiJ,1
3EYZkk1QRKA9Tn1UnWQ9ESveUovzgWWLBuAm69smguuz,1
Aj1ZXyd4gK3M4iTvYVCNebRq7Kwr4kouvHgxvJiafaQ,1
H8dBXfjfFt4LzmmxWcu99SyTX8f6qemjwyhKi3V8YCvV,1
6J81KgSBU1WeURtGk8rGfAfcMzmuinG6xrkns7pgTPxr,1
9GyMzR6M8j1nUCaKGiLenzN6iSGeM9Ge68Sh8XyUp2sY,1
6iA5sPtm3wnJhextDaztxkS2miWgXteC5qabv6V4KaLS,1
DcuoY6NzU7ESNBVzzGURZgZNN4tVj2ycPWvibMG8mvaa,1
8Nn6hmDahKB98vJvjF94BBvNZsi3jXbY15twvsHksMqc,1
EPjUYr3uojzV42afUfHv56V8dZSuR286em8Vjgm3vRtC,3
9zunzr9ddHRnkHWBCWDGAXK3BjmXZLwdb4q5CfDH7BoU,1
3reheVTAfMmm9obaKP1ymuJYWRXLsYBm6rZteDjxy9Sk,1
7ksZMxyQ2eJuNn2eKHc1SbxWquvUFEWNravJtvg9ya11,1
BZUNUGwxKP5ZCJod4idEXkhqtFcsQVLR9yH3to5ALHGT,1
EBi1RF2oFCVsgBmEnAPp1D2DMpm4RngK68SCkqUmw8bG,1
NuP9Ya81431LK3Zy7hvWi2wrff5PMFFxSQtDkr8auJb,1
GYQwACBvnvY5h1RCFYBj7joqjPQEvTV1WDRYXRDTKFby,1
CMTZ37FCkim9X3rtWquusViUbKYBLCwJiM6DGfajGrXi,1
A949K5LRCzYccmzZT4LBT37P3cueGV8f2rd4deVGWZQs,1
8cRrU1NzNpjL3k2BwjW3VixAcX6VFc29KHr4KZg8cs2Y,1
isrB8oERphovTtf6SaSiS968GPB5jwSvFrAZkZCB2Tj,1
FtEm3GZfCG5Yec9xwZMuoWPRyQX9AuGSqmMExNXjb6Fa,1
DSqYNnT5PCDMnEcPpfP1bbxtE3rLTCXLTTRPLDQvtFut,1
FhaNqQN9WSd2EpN3EZ3j9QKqsoi4nBPJbmaNjpPTXDpg,1
AwkY8hbRRmpKrxsuSjzTsAhJ2X1NmDW2UDm4acAgJVJa,1
ytZbiLKZZecNTt1VfQLVEowdsZ8J8WJLf6e1BvKKQeq,1
HA1LD5UBdxUiatximbcvqc8Dawn1LicXbuB7L2WKfMQH,1
7kPMTtJ7sthcqgfXZvpn6THGWNqr9eZ3jpJb8Yv9KYyb,1
7kmTGrNvftNWshorrredVw8UmFu8ijcTsGQz5t6mXhz6,1
5uazfdnsrtFSVGisA5kTKB7JrSwr2RRVeDHMef36dEvp,1
FjdEu1fHsAxMJkLqs9XkMC8arora61dZKXU7zreBC76R,1
8yujNG1u8wqerR3w1VLA4g9iiHxxAXB4eS94gc9Xvi2J,1
6UNEGy2rnAd4XVPdbLRXY5zeKwUMgp7WxJgRY34KtZ54,1
B76C7FSp51u7p3E16pbVpaogzC8yrHSnXZFSYJFLA9f,1
BFvLq3gN8aRMLHygobRoGnmTwSooyeByZx63RPViMxhj,1
e1o5qtw5FtNSNYamDGRYtZP3GpRsjRLytYVWJfpw6wQ,1
BJtYCbFKJ3ECV6C6vDNUma9KVa5kkEdgGye8N9tZ5diY,1
DGnmp8DorN274tV9xXvx6HfNRQuveJgS4Vpz4E542BM5,1
Bcv7bU1hTTxGn5zDqhKcDUtJcrrbRXLEPcRsQmuu74ec,1
39GL6ZhCWRgNQJxPMcPUpws4ZD3GCeEVttUE148Mhvw2,1
4VXi8vbpmwVk7cayf5sqi4hbrUW5Ly5YesR8iYxNyRgP,1
F9eWiraYBpurSqvfmw28WFe9ntKDUR7SFBiiZdyJgnCS,1
7BPVp7a9MQy8YgxUHcjpnL99tNuC44fHeGdXCHkXLgZP,1
WF6HBLKmp4hSHePqrPAAmQBoYAtXFmg9snFExrZVhjp,1
DDNkRmnkMKd1KcEnARhUdVqsfvbXgNHADYMtsZvxJLiT,1
r66fA5RNv5swSytiFSkJ5y2nZme8DC3H69zQT3fyGT5,1
5KefKecLWT96qc5Z1rPtjAh84iEDJmwbn8c6kgBxYSZt,1
Fsppt1AYdU8wPAbR9WLroFWch2dMUxvAfa74xTQdZDK4,1
FrDkKpmvp3feNxf48BANXTFQekY6HxEtnExV3mYPRmwu,1
6iqAwhmdNdF52Mmw9WDsU6jmiH1BwjcpBm3U8dVnTPsa,1
D3HtLuaE4u45ZtQUdSTF63eGgaqz7RFRE67UmpHcFWqF,1
6VoXfUPPp9gD3MDXALHy7qTjWh85G4MttoLrdmJadLr,1
CNHLacxfM5ynoFtxk77QQft2GxRbMao8jXwiwQfJM73x,1
B4zkDon9XYQ4vkDxn9cXjQiFH8fxX1eWG6HGkhpwGnCX,1
GoWriVkSn8Z3WLsbyUEEU4AMGqQ46yMA9sbp3BgrGKxr,1
FEjGs83QvU26A66oACMg8GjaHZGm9WpEqFT3g8fJ7i3d,1
FNYRw9JZyHDJy7W4sTxCB6PGpPhimLC45sC2DPLp8L8n,1
EwRtD2ExtfuHQb98h6kd4gNzJ5qgbLXeioWgd7mX31wy,1
9Th77jPLZayUavQeJ66eHGmD6t5AWsAgUVCR2cRXfaFC,2
9KE1MtctSV6zb9Rvibzqs5bGxLx9jQr8YDaRM3YJGCav,1
C3GQcZz8tiqAVMTgGmy9g8v1VeYH7xy5mbc3YB1MDmbj,1
9Ak7oPzD22MZwgyVVDtqB6bW8QGi28VK4FnPwdGhMTpg,1
f5sgJZYkTN2AX9Sgr9Jj3Yt2Gmwh9dgEFz8uRkDjyqh,1
GY6u5yhWfJgtCA2zTPcmhjUTGXGzFJPqf2zXrzMCUQ8F,1
21ESdfgfh8xmnWgC9xd3FfmhPNceoPdVs9RRWtWqZS1c,1
47NpitaHXpHCF1Ru7w2YCuNaQhC3cbVVPC9wWMSHCbJw,1
2EJY8AWhvPCHvJd5ceaPwhNrw2bg4oBg6chy4esBmBX3,1
TApcZxKg9vfYQq44DtzWfRUyeSmivDwPuzkiBkWfu79,1
9pPJqTssbRyzjXd3kGEVSHXv5wtmwgJADNbUPkeAdCXY,1
69yEUe812XaXjW6qzVnSZH7q33NZHwrp6qgom48VjUwJ,1
JEApamyhqZZkRfQg3ZgqMLiTNzujmE7L1Fk7HG9VgyNr,1
Hsxa6LEoCzPEYeiN4E14g14aYJrnr5M9TDVsbbvM3eqS,1
3LKjtyaNaXTDAwTHuSNSoTbV5Tz9MihtgCP3ic4XwpcH,1
AZLm21MaKZrAGCS11xmcYnCVmra2RJQ5nwyaNM5yCWkn,1
6k7Zusho2qeMTXj9JofPtpZuh5v6uyDA3S3FJAY1oDoo,1
T7dvimdXpcVNd6NANCjoK9deV2PtYzj6DxFPAyiEvFV,1
BAVjpySHMMGDpq3whU7qaqCCRE8ksCeGwxa53Qv2i8jS,1
5FC3FYbmoFghZ7V2kMNM2iG8QUp5UcxiKPHrzEHiMgKN,1
EYL7wACyQRYjGDFVTNddLxriz5X5WUJZGWDtGTHp5NPW,1
8acmvDJTVkXXTnJsZaP14ASEL5oEoLMyucss1KdYZFdH,1
2aW855ZE2MAfaszBbZWKNsAJ3q6EkCcSUXtmy6NjpoTA,1
GZYBFiEhRAUWySVfZkMBsFtfEcEHgAbGRndkwftzSpPa,1
4UaJGMSifY5AsBZHVBpBTaypKxHcubGvKuWfoE5qH4BW,1
95dhdpJQbbqx3kihY9DL2p29UVvp8A1YK8Hh3NZLizXS,1
DdC2fVmRFigV7JC8KpxBXkNMTD4pwyx5mtiMCC8vKWRr,1
BeyEwp9QQLujpakiU68PzKm5LkChRXFou3HDGQ5yLAnE,1
CCDfMXtix3ZYra9gUc8XJ7qpXN9fwr2y2RQwy9cFWnuj,1
5qHQckJnNoDSwUCnVd4iNQc9ywkfT2dAWoP7CPNm9Tfp,1
5ALv9ywMGDj6isJcGEwhyLdAAVhXqsLxpY5RyL2K5uvx,1
9W8sSSvxzPdGHQvLStWTJWbwp6Co42DtVVA9s4wVhSg9,2
B4WjvQieCH8q4RrWsuJ9NwmyxZ3Qj8oJ1qJDvs9E1uKM,1
8BXx8o9QfJ2CSC8DMynxmTQuX6xyMtgjwBdWKf4UbrqM,1
EuuN1sKvasCnsEm23iKBxFQFLgt3LeyVidiVcMnSoqcd,1
5ayB8pSe6yxAqB7bHcrmyepr9BeBpLFuQUyA4qAF5Squ,1
8h8XQ3qRPTBMRJFHtGkWq1EKNaS1mwWYaW4uiNjKodKQ,1
Br7pa9F6DUXs2Z92zvSD2RekRzmvoL4CtRXf8RrWbd9g,1
6ghSGAegxpNgGq26yRuBS1ithtKdsbMYnZQtaHE8iem9,1
678cydwFKnEQREe5SrAoRKCD1kq897bM33FKtBqSxso2,1
6vXHcvdppwQHgyHCuTCjDZvhzS6KAL5KwCa2iP5fE9xS,2
H4TBEe9SdCsch5FH3eraprWEH7ZM4mAtgoJd2xjw5VP9,1
14WaD2iawihiLBSyj8JE6ZAabxBLF6SJCHDkhMEjE6y2,1
28R8ZDsNHceQasquBaBKt8jX4SSPmVFtGPZ3mLzNNRxc,1
EjW2HcLX5vR5MPd7CBRAzoMfS5pYSL6gKN6g8CqHTWEW,1
DJppwr1tdiV1yqE9b7e31vVikr7BXi8rvVWQDbgmY4yc,1
CZJpt3KuancYRheRm9C4rFcQavGAe2JzVm5TbSc3yeKB,1
3EBRhjFrM6emdAjEL3R6MgSi5w1xafypLCtpzUmbq1Xz,4
9Ar4SpiryvNnfS9Buhfw4TGqcKYhrHteyYC949xLCj1i,1
97YGs9pb1KBZAN4mZD5nYPeJDBqELr9pUFHoa7W58pab,1
FsZTnFZuUawTaPz3sqjqX51HmxLShiaz6x2zBNA5vbNv,1
2NDUSTM7xTTiHoe9MA9k4Nq2Bi3pUhT1m3fmMoLZPzLT,1
GjQ3no68uYRzZcBrh2AvyDWfRDUAjeqHLqvQSDAU6Uog,1
2sqQ9ipqs8hvFgm9ez34RGHBaadmay6H7p87H65bGpnJ,1
B54JPTeCFbMwZBdwmvA9DCckq1ND5WXNXL4RqPhCSoZw,1
6uPxhvZin4vWMWgDuUCzhdeYsz5QT4zTV9DPB2YVY5L4,1
21JyLgtYTygNXk1kBPQv8mByiGLK42jr244cKoWj9BQH,1
6ARJfa7Q46tFJmoMjHpBnGezKdb2GSWxUDF2pcLsct42,1
G6JJMGzm1QEZSfxBLMcWJdgHN34gybSkTUWcGSc3ZM5L,1
7AjGEDr4Nvs2TwFQTV1quLN7HqRFr8SSB6gukp57Edk,1
Eqe77oCvURXYazGiR7sJFT7FURBNYXwUqZb6TK76Nrnr,1
BVZa992V4hbixxoBApgR9ZLiMjgKT24SqCsDvYRmA87K,2
Chzz7inFy9oov8f6DTyYsvsowwVa7Eg4pbCwfQtY6Rhh,1
D2SVBYvVBLbowHYjzptfpdZFaHBuZL6U7rXV7EgHSN34,1
GQa1Ky32CQUeuUMjDd1yTHuuDeezMDBowQyUsUkB55Jj,1
GPsz1SfjNfRWMPQhHWftwXxoW1XQXuKMG1io5FnksNgw,1
46ASCFhFR142AdTkuhugxY1wVcDAky4PeJAeugJbVdKv,1
G1Fhrb9Dt5P2jgqgyQmTTvgDBjjdxtHaYsgyYmdVEavn,1
3CwGyzSpAncr6yvYys5QPpZi5YqNMfPgJ5S5JFgCy33P,1
9tfJvVzYozWAJ2jGg5AyACEK3NrLmTj4ficGYNztnHgY,1
8s6wqNMeodNcWfGJKm2oFcsNyEBDGY6uqQwViwsngEGr,1
GbmCRx8DFz3N5g8fz6va8yL4zqaKZYmqy2B8M2YTiCCU,1
EwZR7nfHu3m4UeCbvnigebZGU4bz2mhYRLuMgFoBWWbz,1
8SteSe8L49bxCmo4t3fPS7pdHvhV25ztTXn823BgPX8u,1
GkomFGDeuPkCUG9KZmaGnkDd9mNJwmo9jNfq6DFoBskE,1
HPJWRZUjJpKmsyn4gJGUdSuui73h3WjxiXELF7QExZD9,1
6Wsfu3qaWtH5xBeRndyssnbSUfyvuFTf2ng58kHTrDRZ,1
AWhQaY2o6y7LkHUPQVAEA8SFPqEgeiE3kxmQ99asWYWU,1
6Uqd2a7PPboBTz5zkRHMTsqo765HFvXJppu2yKgKunfd,1
55YX7y6t9uqk3tqukHybpMBrp9Hraq4obkXhc3B5AeVs,1
AZMWfWBdMhA2FNr3tH4Bo7GZsfwkt5YFcHHcLF12jZAT,1
4TniEfUt9eqrgiGk7H4dutWSJ9m85pmcYZDH6zR1F3Qr,1
VvcvxquhETeFbbH8xQRD8SjCjh8Ky3srqDfJeMVWdJX,1
64fUZUH6Z6HVs3mP4BwBobewcZLCrxRtNUtatzSFsGyx,1
A94sQzkShta1PaAaCcDo4McaU1PadMHK3nfRF3StJKWG,1
7iWkpKGEPhxi1EinDpB9ohbusY1hMgFqaC8wX36PVi58,1
9gWskPNsJgoB4TFaE2WyZKA8rHstytgCvY2vT5KeAfVc,1
85UK1CUZZZ5qJ98jfTPmJ2t4ypB9L2FfkumSTiX1DTuH,1
47cjox1SKACJoinFpw4Ak3jYwSoybxARWwi4TdB9sFQo,1
AppuoU3dh7urY3wSn53FBPDEz8rbSHWgQ1sqpSXB6BLE,1
BCMjUum7qfG44YiBhXyBFx7G9hgdDZkGbPHSVp7goLbx,1
DpncneAVbSfw8RpLHvnPKFwAhmvP9vsuShfGJi2tPNFg,2
ARrDqRAxvDuCUcNTbypWnJKyEibi4DjCMKFsh86zBfKw,1
7eeia8bYTTc52A4LaHS1LiDcsC94Vac2PGdXieCvJRU3,1
772UxVq547SbkmsyAfWfnySxvg1tCBAzmi1ygybbgiev,1
85RZJF41mVKvECVY4Z4VZ3NyKbeyRWxxFrmzq6sfQBqT,1
78TkBPyKZfNb9M4xRpw4s8jvN2Knh47VCpYPjG8vQeCC,1
9ysW6r9St8683wHzzTB3GuaaXYSSt5RVnziv38JxtEQM,1
9SFBRa1XMgowaLUkzCkpcKzEMUdiQmmNFf1En8x78czT,1
9UfWtU6vs2N34q7ADZ4k7Nk4oYvudR8FHW5rmdBGiHmZ,2
7AaXusLHH7SEHNYJ2Xg8TXBj51qwQKmoxAAdd52Gx8T4,1
4dVg99n2aBJdoB5kZSHC7JW8449DoQttmZeyYZ9tL6HH,1
Dd74Q7oa8sAnEzLBeoFNXEzwTACp9Ea7iSLSsC4GXAZn,1
8CRQtU1iBeYY4ZjBBGd7wLhkGVZk6dUY3KEEEw7azQ4q,1
6Hm1WbpTnWF31bb4MCyGFWazAHehZfNXs6x1haEfjUXW,1
9yYCyfohDGMMpEjLJP6h22uB7adRm9tWKQBW49YGUCrx,1
Bzgfd6V7QKxHBgFdAhEp2q3hQsPqjbVAY5YCfJv1BPMM,1
7EjCXmjskjugYCUCCCKbwepbxyKndoepZrWEz19UkYgV,1
Ce7y9EDyvUEpXhcZzEQkQGtbKFUN72KqYevUR5zvtMbq,1
HYzRfSo6iVNoPmD43jfpUU1d4EwHPEgwC5MsRrExAMbp,1
BoHKqVX6PaeVtHsSnPDcLu6YcLCm5hmcJkHhy5LFhEce,1
BomSv4iBohrQNufbHE5Ek3oFLhn8KDbF7fsefbkJ4Jz6,1
2X9UKSS1pEdE5Br7zv6wGRLi4f2Tw1jKF6ND7Cn2wJ8z,1
C5xyJdwHYyGeRX7goX6HNrcvyfofeEbe4M6kXfEyuorn,1
3opS4z9Mx8GYktwNHbt65dFhQzExAeiz1ZFxn52Jefpq,1
AxRvWXxMKx76T9YwG6pMF95XaNBzFXvtAzwJEtXizcRN,1
EdACLY58qDUq14SMsEowi6gp8zFU3pi7XKYkFqzGgNi8,1
AFm9j4GS5n1fK67WwwiCAGv1kxmYfX5FL3nTWRDqiDj5,1
3P85yAsx6AYMaiQzX8U3BmtvukTWAGtDxzsmZfYkaXzo,1
5517ejDtbKTwoWTKxKoNaGczVr1CN59RspBvnegqSsQD,1
j2FYmVTUnwKiv9rdoH1pkU8K5CJqrrui29vNMiZdPNc,1
BjNLGeUcj11NRe7XjRbPLgnFTqcQA8MAZ3VUdJDaGfdm,1
EunhmGgP8HCEr5GtjVf8LVXVBCpeVgPxUvEV3a52ubf9,1
7YE2fjprQBv11rzMm2wRuKHa6Hb6KC67cYRFF1pCfecF,1
29Ch4ZFeWfpzPU3xBSPudRsUuZ46HmYmayhavdYY7Ae7,1
HmEL9qRUxSyvmjdUobnNPHDbwn9u7HKYr62kRFpikoQB,1
HhG7Mnqz1xXxMvQ8RMBZWqPNxKd3u1kL4vRdmAjrdAKA,1
GGi5SgSrMTFFNUocXPAeZK1YodY7TAXc2xxW8saAmSWf,1
3iWTLSCNErWQn2RE7cf4okwrpK8wTC1szgeMNbNk98Jb,1
3aWxw6MhoEqiEXbtqHCFkRSvhDXmvsRH8KMMrWw1dLiB,1
8hZNgdktajAF47Fr1gj2r2zkJjUFLGVauiL2JVkwKFEr,1
BefoN3dRaxaqffa4Dk7LUWDgLrKkFaCTPNgx6Uyw74Y7,1
4ooE64GSyR6ZmRkWHP8YbuwYk8A5EAhWudLe4PGxkBuk,1
FJJqb9fCWyTEEEjcRGKK8vnn1fBWj7i46uzU1NoqaE3b,1
3drnFYrzuENiKRL5jgfLp29E8b4frrxEmibvKyYLf3ms,1
5et5uNZDP9FXZPGU4k34PWXDRj8HBDdxB8yY4f9zisQA,1
3JMbwGxVDDYnu9zGeqNKf4hXDMhCzt9Z21SRtvMzYDg7,1
5qHnoSAjAAz2SuX1ePqrbFH19ZVNxByycnjNe5jGtfz1,1
51nQCMnvKvZE7EUoPL52mC2YSv7bSdb92eePG9sCJBGQ,1
HyXpPujChNbeQz3SRLPnrSsvnpdFP8zzTNSLhEtmkcA2,1
DWoyZnTSpEACKYsMj7zT9bdBruyP4SBEMPjLbFT5yEhQ,1
9Rk9y2y1WTUrp1KnbcfEbmJ9EvvZMwsEBrbSLroP4VJX,1
CNokLHoAohuXyYkjSXEA2oGNpC2G26aznHG2SZxgsYh1,1
DaYA3BfBNmPcRJLPsdxUYLEHec2q7g5qMMJ5FKfWf3Bn,1
G13Pe42gAkR3p1nfN2A1yRzymNnhLdTBq9e3xYxDVP52,1
2vLXs4uAc7xhY2UowGx1ejmyhTQU27sb2vkfyuXbyUNn,1
E26P5bbo6UePMZWvgQpmXLuywLaGWnczi6pDwwek7rir,1
8VfPxbPSRW8AXKsQdxkSKJwMs67ZEoNG6Vqhif27sA8S,1
9X5umAdHH6iK4BSXjb5SrshYRUE9EKQrMAfJdeJvEhYj,2
3JcUoZDcvEXfVbnZTndBqhK9Q48HgVDttTjF2JduQbdg,1
BqeE7L92F71MXW3FdoHPwNFPxyMaJCfqW1omaUBepXJQ,1
xxdJBBZRLb7Kcd82c3EmXjjuG3jyNy454Z8v5AVDrtz,1
7ueUCuFpYGyKuKURJxGSNikrG65biNQBQ8zhbNnsjfLQ,1
E9KzeLD1cVkkpWoJWBKhYnHDG38JPjRtjw4TBp5JD3XX,1
2zT2KGWJa85fr4GJc6bwxzMzBqZTHNEesm1x8L2rRb5Q,1
7Cy3VZxHkNVMWahfq5znfx74ftjLzAjbdmKVJXgL8xmQ,1
AFjLSHEQHQ1DzKBdJ7Tb6fKgXKase6karSS6bNviFz3z,1
7LLgThqd61zjcBdUQgZ9XTVEERAgR7UWee6ECZevno8f,1
DQtRg7EAecUHELsxTgHim8vyGNtNPRrzgKRLX8JVaZuA,1
DLCYBGFqhGSDULAZnqd7CuS6Jjn8BxrZNeveKWXXhQ56,1
Fw3hj3UtFNzcZkQofz12mrtchbvniR2cVhm2YzfaYywX,2
DcpYXJsWBgkV6kck4a7cWBg6B4epPeFRCMZJjxudGKh4,1
okkVSrkBXGfMHvEfKGUW73XmJYbP4ojPbWsBXbYjvZf,1
HhJjdJ1S7wdNM3LcMqcNfSCnKRt7Z5C9AVuAoyZrb6t1,1
9HGhmNy75tGBsbr2T2K58kdmA86fc2hWDUSZiUcBjVma,1
7sjMEw3FN5mKndyjrRbRSywwBbYXGvmPNCN118tYXPF9,1
9gVDpi2W9m6byScvXLFXnuzZCuHHSruMQqkDQtDThpCU,1
3CSzrT7ZAttiNPoV6xgQeauBAP8xXYdLCyye1EXHhQnY,1
92yrt7QZ8omcoLmXEXe4EgaAegR6tQ1ESdkFr3AP51zj,1
7sb2osoKiUNSPQzpU4SK8J5HnVmKRf9UWj5y8ZUjTNL1,1
9thGzyCByJzCHsxEuUr4bVYjzp65n31MoZpNr5KQtM5c,1
CFv4zKpicQedv8nN5oYGYCVLqxMgsimADCCGTdMgBBg2,1
8fHvmVzxv5tVJSELSrP4tpkurDrtZYLhx4mp56muCiuS,1
D9LbkuK5eA9T8qFnyjbvBkyF2eMRgcWpkDjwsjQF1WaD,1
7MfrVBzmduum1U7W4xsh5bidjR1c1VZkGpmcPjUk4YCc,1
2PK3aKJfNVqVtjKWitNCwVCANYpDGnWbpTafZz5UDbn3,1
FWheoNrVPzm2WhZvrpSaEXJY8ANCYF2ywH3mHmkh3yZy,1
EfMqfaeAeY2VZnhBdD3GU1pYKFYHEAVvCEkKYZGxJfx5,1
33LpPY2yQKaWxc5E4eT7e4p3WnsKwg2BU48wsR9zc9Km,1
DQxLjDh7kDjQhGLNB322D1EWizGASaHnVmK4pkJGJp2f,1
bB4YVqo3bocH3S5ko88pMJ5HYmoYMAwTuDaAjqPYq9H,1
FkzzC8GsBR5YNQjT8eNtB3SxCEj3dLxWBf7vNwcH9N84,1
Cz9phYFKnQMY4wanRBb5GFydVRTZ4FrayB6Aniw9tocL,1
6QX29sBspmHKxJtuJvBRF8buLzUYpXKENXKgcy8JG5Vn,1
BkfNzKSYAwT2fbVJCfsuxZfm5oMaeatAWztcDKzC7HD3,1
2aWfYKr8R6d71Amqhxtus2BZFRikADePKQQpmQ4R5GT6,1
AV3MaKVLBQPZyyRucRw1RpMaMfBExvybYGBKxySXxMw8,1
vH8DkvEVvGmk7dzK775JmZeniHrEFMDk9EYzdyunkqx,1
Btb6AX65hgNjbNxUoiBnNCKzjQtC785F28zsj7E916pX,1
8Nz5JiPetG4rXnRs9oDvdCgyHGghCMe2hFFVkQ1w6nHG,1
9S1qvMERmuPHuPooKHUmBsMkZnPn8uf4KHiPHf5WvnM3,1
5MgpKfPjk6Wq8mzi2patBEP2H8Xfw2HgigJvHhcJWBN2,1
BLcQqYVkoEF6W4xvXBe4KtVNvvWFVz9UQNevrUjcmbBj,1
C2gJg6tKpQs41PRS1nC9aw3ZKNZK3HQQZGVrDFDup5nx,1
C5b3XtFPpbq1dhB8dvE5vHF7QB6vo7qJWj6trnyyRprq,1
Fb1J5iKCN2eifVezRggKgdSYJUDShRjNPpnwoD3p8Na6,1
94KFmA2Hcj3aSLPzzwPCHduJ11wCeV7PGvTFnXCKVHza,1
DGEuGUm2YX7iBhRqxaUJQBrn2nFNb7ufgYxChEebaS3t,1
HgcjNDCGv8cBKw78HJSiHLfnRdVQCZ9Hkj9vqtdhQjui,1
GP1PAsdKe6EpR4kuLRJnPCvzBX39md7SJHBbm3vydf6L,1
u69bhoFmw3YG9gALPpCLKRz6ZeNMRp27cfALjAsCz3u,1
FZMKue5kNhV6CBVtyxC79NcUimbFNUpkCK8WwUoLbmn6,1
F7VBmVXossvVuvzcr1Ziek2KnrMq2mLEDtpuXTTPzk1A,1
7Ude4p4zeqCvSxKgWraWgr1ua32gLVcextzuHQF13GgD,1
H8jQTnXqbyZ9keygdQDmonbEN8Ttxb3Cq4cBzxGk5cgQ,1
2Pb6dSBzGwj5i6fvFV12uggcZceMDC2Be7bKDTu3eDiV,1
5f3NmcrnpCWta3aQmVQLrWX8R8h2r687QuA6JnNU9upn,2
9rnHKyUygYfdjoQXDQYrtJHPCe19BPkgVUDJD2JnLp84,1
6FyJr1Y8QtydcjmiEDZ3UE25uPaAxuyxgSzHZXZkT44e,1
45m1fJ36NCrGMiH3psThacUmN3v6wyEfdB1hybHzPbkp,1
9iSuQGQYkXJgxCVTaamuDwWJqpjDEcPVKKxySREgRTQw,1
95LWJvJMTkVyWxHisfGhn2QTNj5CYTodZgUQ74QNinGn,1
AAdYsmVu58gxnDUxJFr5Kh2mb8sJ678LgvaWTdvKPYk9,1
6gkuwsWKqEVgkgVCNLf5tTvKvhR4B2UyE15CwyAyhe1C,1
CtyChBpZ7h2rsUzbQW4BXhrq5hatNuuTn5W8wkfmXsSa,1
7RMNxrf3tGxGZ2PrJp8HfTWt2ptz7v3syHRL9LvsNbor,1
FHVoqpGgtMrvdLciwAgkXWpWy7iDC28bQrZ9MThp1eQP,1
6bPPEfwXkCYEzhMdoHNEszftjxdm29USuUMEWSavVooJ,1
FbT5ckwmNNvi7mvfVyhQvgHQ312LUkKh2scbGVY5yRvS,1
4J5RM4N2CJ3Cxn2XE4spbJBF52T583gSV9AdPG3VBuLF,1
FQC8tfP6GhmLAsFBf5ezzuSnX47YGyxytHDVGFtHPVCD,1
6v349NtxEuswVnAp6YWSoZJ7m5wTsapoViLzUx2Rzs5F,1
B62NFf5w3KWMyuyKSL25diUrQCPfEvB39yGV2divdc96,2
EHEyxyKa2QfLBVqjViHGKNxWy1YTFa51r3Bui27ctT67,1
5CoaHMpEwV1BLUhtEbCZVic9n3ZmFpUHC3vTsyFYU6yf,1
7EBpUi6tX2vg1FUM9hCpQGgHmGz94ADgwtXLJdTfoAqS,1
2mFry7zizZrwrQheW1TkvXKbyVpDQWwurizZzciC5MbR,1
ZszWyiwUPuKx9ME9A1SW87tLxTK7mXisUGLFi2DHeUr,1
Du71bnu4BdHjaXXY3JhehWYXZ9evqHLcGSm9Y1wy3Emw,1
EjNKVhthrv62EuCqCU6BdzFXSTwjTmdR4vHmS7VSz2z1,1
2KBctsB4fgTEPrMvkyCTwfXkR19Eh6qkQ8URfV8moyQg,1
4gf7rrPEQ7mhKTwUTXUrS97TAZ2zMWUJxcpa2QgD5pr4,1
C7RHEAE8d6KCjqkipVq3vmuKPDfSUqAD7z4qAqtRDtR,1
6mqAnP8RbeiGeh5qShjTjoUpfYJKpuqm2c2eCDrfyNAK,1
5pJ89aofV4nP5eaJfpvvChkuce7NEUQVf31ckLCXTymg,1
ES5TFzkyXAMSsBMiTErXUDobiQcyu3SwAaa4afuLTZJ5,1
98ZzzKxcG1efm9njpKmpEP5gDpk2JwWwoTJinVsFkdN6,1
9gqgm9tPYVo7eruLBcx6Qbs4xQp8tyTixFRxzbVeNneS,1
8fcpEFD4Kqh75ZiVCxrcyF2bTN3jtu9ScvrgmQMEJhoU,1
DFzcrQvA84KJ36TxgEGmipXUqthaJHWHBtLojNpcE3Ks,1
FUb6ttW8EL3EABfax77A4TXs55mgAg1E1V9972w6tpeX,1
FZo6MdYDJocGhv4WVEzpxPQqARdEpnKniwPmShVLbWVn,1
HGCA63GLV9o1SR7Bfjo3dUmUbttoEadBhU4cNXmekezR,1
GVPtdci9pJb7CWjc6ACJNtZBkZi8CU1WCfHCdB7BFJZV,1
Faot5J8F95YVjGuKRkQeh4Qudk253PYwZJF2TdNcnoJL,1
8vy2SiNzGsYkqYCuRmNfK1vgyKBUa9poVSQBoWzQgskr,1
HnZ9mtRBNTevy5vH4rweDqdvcQkhEYVeKNvexVnDBLt7,1
8QGhhjXoG4bz5GBaEoCc4q5woizUmn6iruCvX3CjwCvF,1
EePnRqV4Q2VEHp5nPADqeGKcfPMFmnhDW1Ln9LKsTzWQ,1
HcQFRMX76VmDBtpbRBUmBuWFpwZJko6EKZcgu8ZzJN3L,1
CFXtYfVark2gJ7dm4zVQXKufQWKXnDdgBtvnyTTaRcV3,1
FLjPDYdMjDzHSe7TwTYetGEtWoJsteTxzZhN5XiipT6C,1
FP33Xr6FbZZ8ciFXyteFHZH6mzz2kqR5BHRiyQAXJWTh,1
6Fqkb9UC4jsm95ekE7dMpNVJiVb7VMpCLWcHVxnpoVkL,1
GUqP9eiz4dXD8jFRjbmhKqRtigGHe8rk51Kv9SgHEndz,1
8FJxH7TmJrPHMqnTTvgPd9qozwSX23A5TB1ivn4LVpf4,1
42aV5YbqVnHvAyARkHpU5s7CwCbJt3qBv2BzbUvcuuVb,1
6yvLqXUwUpqeGNGoXJxFxggwv216CBmHNVpDyWePTGvz,1
C9iNQDn8AsA1L3nahy2ds9YMqEXAynqtm6vSPBv1SKUV,1
HWY3VGuCij6uSPkaq68HpvEauavnjp9KjSMJGpUPLV4,1
DAoRiWzZKuUESaTncw9socaj9t9tPENyeSKHTRY6kjJK,1
DCLNy3XtMgzAUBseM3BatZE1Bf5KgA67hWkcGTqUgALd,1
CvFv7UWVNN5cQzLCTBwyKULLqsSRpkABX74GCK9RovnS,1
H8Qk2pym8XM6pu7tZxKbRSXDcrK9xaVo853MpMwmStAB,1
DorU5Caa9C7FdmuszT9CFwu9SGFtLE3jQkaV98sew3jL,1
GNRRWS5zCFcyG6DCmXrupTZ9VNVJHsE5Sx3nNgNdJNJY,1
4yMypfvRBHQwkZCSUeYdNcPZa71vsgcfqLmGAyNP59NU,1
4R7MaiaKVPPGZSo9KuqKJ5tTiMPPNVsautSEPD4RWRjZ,1
7FVhTv5KavY5HJKC9xB1MNmY5WbhxVuD3rgLFSFxrkyi,1
43S5VoYfzHPfRjmUsEXsBz2e3xirv4ZkvSmniD3chEET,1
72NGCCVfjGky5kP3Sbjx6fhYScxtxdMGS8MRBEyfVmi7,1
FxnY3iyvoeu2G4vPUWYasVrBV3KVZuh3SwCWdd63je2L,1
ATFVxGUmHZi12UQfyhK73kQ7rsPfGikRt2j2xErppi7T,1
EYgQuwY1jrdSfTjps3fPfTgeNtCT3Wwf72bENQNMx9vX,1
FhgPPxr7eFouJWdVFYjBS1iQWqXotRhCmSteeC1iBt52,1
FQvUV5GM6TrUV4vJZ2NFJty4qDH7i9eRhHXZnngRg5mC,1
7GRo6DkKw1AQf7hjJEbMD52TBNdQWjaDqLFbRTCjcre,1
DokgQskrYDdCY8r2TAEUEmqonfpNnH6GR63oc4FzfXPw,1
8TCY1tmFNSm6vVF6xWu7jcYwELsaYwrUQyk6RJUNntS5,1
9p1gR4AxHUBVNAn4e8aD8RGQEgWfMBNA9xhccNkngZjG,1
3YMkVt5ABFFce6WCEemJoZ5X74LoKRWb2pCF1FcWFm65,1
BbTrE64umQTLV3coiXh7CQhGjueGX7R88tDvuQgr4hSj,1
GSFtjni3nxn5ZxJSSM6HbiKKCEeZ1pTKr3GbzNH8vDj9,1
ZmYEvwB7xmfSxWcRENpdv62hetmrUh9oWTqZFki363z,1
ABeuTR32WCNnBmy4UdNWrPGmjFPGB6jdh6mwouaTTd4e,1
J7muK9L6pYMiiwnhoPnCVMqYsajjLocgMgTr7zSViXCR,1
5bSNWNNhWeHYTcoXkfp88Srm1yVHLKjjASXX6grdsHWz,1
9qiQLDZyK5vUxoydL14QHHtSR7xVdEadyeido7C6uAUN,1
2wHv8ZwvBRYXstV6j1ZvUT66nggugvBJ2emXN8fyVmwG,1
8aJcayJA4tUow3yKRv8DtYB7wWpNm9yHcfjvPZXReqp2,1
4ugLwbWN6J9r2Yb9imazzGKn5KrAP9rTx3Br8fPWoT6t,1
Corz5rkSyLF6zJK7BNj2NBjAsv22iKeQBXTGL1EZt8t6,1
7yLQsdT6t3VF4nciL9AxmmVeRdjJuztofHRh1S6pudwz,1
7UkvxkhYHDWsfrRqT7pakuMC63vu1EvV6kwayfsCTWZQ,1
6TrVRMRLY45aq7rtdw3f4bKcStez4avrYgXoAXK6K4MU,1
E95oodcQS54XRysBPKTiKvBVBAqM3BUkq2Le7nHoLAqs,1
H2iK3NjEGcyXMvLURfURiyD6ecrEMJxZC54ecMR7ggwN,1
2UFTQzqBWMwMeQvDBesnyBWHCyx7jkvAw2agpdHdPLZN,1
716R9sb4dGi9dWNe6bL78JJepBw26ABN5NjewR7JUDDM,1
3ZyU2RdW1odNcU6u7k17S3REXqs51ukR2x9WnFetgYW5,1
FxSFea4edJ5EX2P5RWbbAJxkys6ZPSc6VdDseBCfsbuG,1
3pHkYFx7YTNm5dEjcdNWTDUAYPPVJVoSFeb6a52oPXMu,1
G3oLV8oCatbVgbTJB88wmUqTkr8x8fe9f3HMXascf65X,1
F9L6h6KQrtRHQcwfpTvo3WXT8v8GSEx42NDFznucchLK,1
9MNuhfRXSY9h8AfnGqhNp1jkx7fatsNzeY9mqm3XGQGc,1
CGM9HRCqkrForx3wVWfcbXeYxEuuCnWn6b8tEqDE8wez,1
4pGQx2ohZUw5pemipsH1Ua9mwRiz3h5hyHa2N9SXrFyK,1
D9jmE93Tq2MU1ZHU1c6qM2TgwMQGQecx2Yw21KYtYbZo,1
EURBncuav7UXgwn2fTdfvSbvTPWYJdkcdpZZxK1YKXhK,1
Ci76GRksBYVwrpHLbzKU7yv7bfrP9bHeUqbuvHWAj43x,1