owner,Sensei
D7fWxTd2dPZ94AkQKMLsoy8ZF3niwuq4YEiSHRJ2vTNH,2
AykVDL2en6LqHtZaF1wczzCJ5g2F7bAH3GBYhZUTDZ1j,3
B49ZGvthUNFiA9UkhuWs2nR2xSXp9FprVXmBD6Piiox5,1
9wAojhMgL2vj2oWiJzNUpTCZRUJKNgdxBmTKaSeF972Q,6
HzmMkvhsDfbauM9kdnkRJMu7DiaLntgNRqktCqCtZEpd,3
ALihu4tdK2uQ8uyEPEsG7rBTCW4s21ZyCmiccjyaGp74,1
481YMJ8kZMnzWZHaydWa85NJPv9Vey4rakvU7EjykDaA,2
3MQKMW14YrqpgDC2y8xdymEgvGBd8HGjGvmEsXEQdpJe,2
66NLkL3fLVHm5AYfLkR6h35HDiPhn1EzfMCKcFnJqhkQ,3
2vexQpkDWzM3pDwmJvSawe6uoJNJJccW5fS44cdGJLvJ,1
6bLKNjr9hK4HZbZ8iimTynbhLiJfuCzmmmgfgFspSYY3,12
29Ch4ZFeWfpzPU3xBSPudRsUuZ46HmYmayhavdYY7Ae7,2
3bAGPYdNGdM2XhSuCJGvUu7nsyVqL566YuAcD1GtKua2,9
BKkhc5W7gkNXCW98CYBeFUD8Kb5yK5ZATRaPHQqr4dMG,7
CeHJA69eKaFty6texvD2bB367v2UAuyvcSQjBsovb7am,3
8ow3SpPDVVgchvpm15ynwW4Y8vGK1BhGvfF4eRca3k2A,8
CYEi9fq632ugJeaow11LsTZSsyinSQnb2GVxDT2CAQoR,7
QPi7qvRey1jk9XDrS5shA7MxwhExqhrnBHY1YeETUtc,2
CyWXZ1KhybGahbvuMZxcubcLejjV2kLUQKrxqm7ZeFPF,25
FVqvVsDrQsdpdzeNgKVU9gKxP2Mto26kPxUUwKAbNgpN,1
J2ZfRrxQapSQtg79woKkzHK5rBKYdeXRtcgBVQreYQX9,2
BDCgWSfUVTKL7ALVhDf8DeonSWwsjZ9m1Tfqw9a2oBJs,1
CjMGU2ntdbEXrgwvX2nVmEgciebNL5MGj7FTHj9Se32q,2
9Ar4SpiryvNnfS9Buhfw4TGqcKYhrHteyYC949xLCj1i,2
CQDEueW9BJFH6yFRVpp4veKJkD7SNhefALoBjnEwAYmj,2
7NtazU8Si4VwN4KxqJF5X3GbHRU4PaerPzQNxnTD2CRz,1
FYMawfTKZ72g4xh74cVSfgG4mZJq6AQXsYZgE5tCFt4V,8
3fiTj9Y9pSAgSwkoXDXWkVXdhaFnCaDRZANDeTDDKem8,1
G56AMGHdKpqEcq5G9heyTL7VKJRrHc5jARcUEAhAJAjk,3
8ZJc1WnJxBgyfQFfUbJR8RySiD7wFBD2JZL5SgSYaHxp,5
6v349NtxEuswVnAp6YWSoZJ7m5wTsapoViLzUx2Rzs5F,2
CNuNcDaDQFXjgfTWJo3ourFTqi8muRP6wrKKAvhtQ4rF,1
BtQLrgae8iCdWHUyNqr9rvkzkZGJD1ZN5jKw6HEoiWWt,2
5HMes8ULocbuh1umzdGSk3WKVMgxXiBYjGqvBw6NfUAL,1
DuRP9FggXcVcoNLvwCtD9EA3LVk8p6qvtLyNiLBrAS97,11
CGM9HRCqkrForx3wVWfcbXeYxEuuCnWn6b8tEqDE8wez,2
5k3R5MJSw3i4Y2DoDw9BritXsAFXn8Nuuj8psWdGjquM,1
Dczbny4xvVb8KU5HFWDbTTuDYoSp8tiSopoba38QjLEj,2
4MLNoGVkmaFGxvbg13LZiX19WrLserk5RExYvEDfzBue,1
GYQwACBvnvY5h1RCFYBj7joqjPQEvTV1WDRYXRDTKFby,3
DorU5Caa9C7FdmuszT9CFwu9SGFtLE3jQkaV98sew3jL,3
HTh5teLki8cBizXRGLXjMZy7naDcEFsZgVkDiWS69XjH,2
ERhChWfEcatpyVUqARSSUyUyTvKHXqeyhmjW2iAGnE5W,1
5VGk12NnoMnUnb6bkHZ2nyMernkAJbmnLUrVmKwo9w44,1
CviDTmbJPAvwVC3gxo3tyLPhd7bDEz37sUFsD5StGrBz,9
5bSNWNNhWeHYTcoXkfp88Srm1yVHLKjjASXX6grdsHWz,4
BwTsrCysuz4UrNjzFyBtgkVJeB11KvaTBWNWKbkCazkE,2
C3Q2Wdi46KMHN19ziTnuPXsrUpZPjL8ExwwYansPfC63,3
A4BGcSjPatFv19B66VngRCifSx2hcDx3SFPzAoSCeQBY,3
5ge1eG9awyjZUCCg1L7KpqrPpYZmodb1WqrP5Dt4WRNf,2
Eo6QJecTJxQkQSEvP7j2XUmkehBYiWbubQbH7d1c7jFi,1
GRowGA1cq9abztLhXJykXoD7sAnxUARQap2sRX2CZgpv,42
BAVjpySHMMGDpq3whU7qaqCCRE8ksCeGwxa53Qv2i8jS,2
8bG1ibkFPQvF3JSKFVdBAj8hptqR7AHxxRnXMTWYV2PK,1
2rNhpBsXbfVxxLVXhrkYmEUVnud9Nd9kpHuQGHx5TbSX,2
9crUNW16RtkKzBPjK3tfBKPKbUKd5MKxCUGcXwSD7j8g,1
2rMbMSsyAbkaWkvZ1Zr1fkTCUJEqzRFbaZ1J4wvGxapF,9
7LLgThqd61zjcBdUQgZ9XTVEERAgR7UWee6ECZevno8f,2
9KE1MtctSV6zb9Rvibzqs5bGxLx9jQr8YDaRM3YJGCav,3
4cf79TNjL4p69W9PiNfqwG29tW8LcskDs1g2zttdLQfp,1
AWocXdA5Bdmcbd3RFQYEJpeY5GX9ea1SwLjDcEV7Mw9P,7
4fhhCU8znhghbePJ1597SeULjNjWCTMVGDZYwhru1TCA,4
2DRuURxpJv4jX2eMg2rpsci8T4H23TmgexrVwxLj4gi1,2
7RNNHvW1WnzaFekQ2tYuVomxsUiCq6DkpQq9Jaht7BWq,13
CMb9bqUtJWDUx1vXoAtXhFm8Ctvu8SfoKyC25uVuWqET,1
tnkYe4HJ5YguVyaqvVPM5QyZy5pjp9q3i4SZYHPYBGa,2
AxcswTmFFqCihtynq6c21MKzLRuHw1EvJFJA8nob7nQU,2
BZUNUGwxKP5ZCJod4idEXkhqtFcsQVLR9yH3to5ALHGT,4
3LKjtyaNaXTDAwTHuSNSoTbV5Tz9MihtgCP3ic4XwpcH,2
9fVu5HvhX2zBr1bGUYcRcxWfrGpzeCH5dsgi5aqS8W7f,1
CxoPncXoX4gUSeuuiBpzJKD2kZznXiXzhZFWqR6KtTCe,1
5qHQckJnNoDSwUCnVd4iNQc9ywkfT2dAWoP7CPNm9Tfp,4
9hVZ2haU6fxCmtAydn1coVgC4AByi4iKnhbXk81uSmvE,1
9ZYSBZqg1hNkSZVPuGnC8meVm6k3R5K9sQhAymFjrybX,9
7bSrmPXYSg73BiDkhoDs7DHRTJ8crhWPHkymVboSkkd4,14
GYY7C4yTXpAEXYP6KddVED9sXb1FhT8DfL2AXtPstiJF,5
5Prb9FyJ12X2RqbxxeHRCeJdFsvuejvuViv5nWC15SDf,8
DMghamqhmpV88S9hhGpkD4F8wEq5aR6wUYq9AWYi4SF9,1
H9TqE39mRtfeW9w2Uu6qfv13TVMmQPaR6AruffZVZ1Dk,3
4khoEeQcJy6xy5ACGNsFqnyHnPtPnr8dtLd1dJoYLAxz,12
7oKw4oRgRfBzLXuJ3GjavHWMR44zp31j9XHqL6QuzK6B,1
A8FRmFRrN2PtNVvr7Ag7UvNwX5SpqLxnXVitdgf5bZXD,1
AzFTX6kxVssTiK8j3cW9iMn6mc9QBffbF3XSWHZaWnfU,1
FJrqM8kuJwqJeQA7K3mNCCH5dHU4znwVDtW5jkJmZQvB,1
Fi9PuhNgkzQreK8j1Xcp9DBkC2ok69MGxLnpCjXtsRD9,1
6nmvu81d83dzSVfenpJ1bxrQsQkvYLZPWpAvaaVFCf9N,1
HcQFRMX76VmDBtpbRBUmBuWFpwZJko6EKZcgu8ZzJN3L,2
7s4v318pjybtQwWPyrUsQ9xugQiTbZfRtccdL5gpuczY,4
DWKK1pvdoQmXrj1nnod452tTJyx9r3eWABz1p5e62J86,1
BoRiSxtNsHGQNKzic4sBa6779wPpp5e8UXywSVdHhpEG,1
2jyqJSWDVSYDX5W8TamVuP3VMPyDsrfYGN6KdC8DLqih,1
46RQLQTUka893omr4jqL3xuND2wEPXcDCtdzBUFrRune,20
Hp8BiimgpZHTNbQQPp2TdyDu3SaJZUpn3pv8rHCPtEEG,1
Aetgffeuii92PVsnAY4PsPW87FcTnKZiMxtgDrLZTFyH,11
GPTug2Bnh1yX94xxumAgENZobTLqbj5GMfFvcNbzEw8x,3
GExyZG51BZmaXArCURcG73SFK6WGDKxiCW9GbXi395Xo,1
8BXx8o9QfJ2CSC8DMynxmTQuX6xyMtgjwBdWKf4UbrqM,2
FFAizpnj3We7CzRTopke7zsszVP7s2MavK3Mo2CA8eU5,10
DjqM7QBcSaAdqnWQupPLhQXYXtwPQYv1XrwWtFVFMRZ2,3
EuuN1sKvasCnsEm23iKBxFQFLgt3LeyVidiVcMnSoqcd,2
4GBbCK4jJmS6f5Ci1HdTHTH88TrxZn2s6V3AGCFi5hns,16
4UaJGMSifY5AsBZHVBpBTaypKxHcubGvKuWfoE5qH4BW,4
HyXpPujChNbeQz3SRLPnrSsvnpdFP8zzTNSLhEtmkcA2,3
7dzinRwKrXkKe86LsyJuqLrLhE57tZifuHQ4pAMxPHjg,9
AdRM49ff7sgAJrsC6KqeiyY65SWuVevbu6FpuY5ndefb,1
9rjPraGQVAwGqtHLTrsALRGW24Zb1v5uGzxReLWPwN4J,1
47RGRKzC7D9mJ5YN3EPuju49LmeoRNgbnnsikZq3bcCd,1
3TX6WL9zGLeLcBuNTB1iUwAN9ryJaQ3zhE7q1spehuWb,1
5c5Kasyx1SfRgECc3nT3RHn4RBhCt9BTGhFPtt2k53Q,6
9ApQsibn3pfghzem4d4aDA2V5DrWV7YAzU8aGjcxDRtx,2
HUp5pi5zco7QP47GJtskUfqsuWnDHit7Lgc5ZQcCk5h6,2
H1xbewBs4F68Z9z9m7JZVCsSb6feRirBbHWgQF1SEhiX,1
7zQ7t5FqzGgL12QRp1AMkG4A5Fetk7QRfBZmmVYLFJwM,4
3aWxw6MhoEqiEXbtqHCFkRSvhDXmvsRH8KMMrWw1dLiB,2
6VAq6qwcC6A7QxU7QXL6d5Y7t6WfmaGqQ4bpKwm3FwCY,4
FxSFea4edJ5EX2P5RWbbAJxkys6ZPSc6VdDseBCfsbuG,1
5tPL7MKEiCsdDGyPbb43jQ47PAAJyAqr2FdQgYRg9Bcd,1
37ZZa2BhQY8cTPzCJ1xyoxP8WEYXSTc1fUWKDWwp6Zss,2
AQ87GwWczU9UNRQiQumQwMvFSipExDYQ5ZcdJJUiJVZx,2
HPG7ZWRSC7HbE9VenzdLEjejkimgUerQkkQhyUaQAX2L,11
7sjMEw3FN5mKndyjrRbRSywwBbYXGvmPNCN118tYXPF9,2
FNpb1ThYi5HfaktHgZpJWMM6kEuCLhvwR6tE4M9Z9ahX,1
7bJQ74BGWuu9QR338fgnNbx9QVy8RbebyssaQwLp9DtF,1
B13DNR7j1zBjrBX1nqw4JnZsYpXxW3MHBmBsuEAiBjPu,2
BECHAzzSSzFdFMdQ5H4B6T6WbSWGqU3vy1yViiwz7Wik,2
ABDAKRTDRfDUbosQinqXs8NRH3AjeA4s2j2pFukzicFf,2
GQa1Ky32CQUeuUMjDd1yTHuuDeezMDBowQyUsUkB55Jj,3
5tXpNxFEYiiyLuXjrgsFY3FkvYrLM1J52kiQN9tMjTds,1
ZszWyiwUPuKx9ME9A1SW87tLxTK7mXisUGLFi2DHeUr,2
7ksZMxyQ2eJuNn2eKHc1SbxWquvUFEWNravJtvg9ya11,2
FP33Xr6FbZZ8ciFXyteFHZH6mzz2kqR5BHRiyQAXJWTh,2
BqeE7L92F71MXW3FdoHPwNFPxyMaJCfqW1omaUBepXJQ,2
9tfJvVzYozWAJ2jGg5AyACEK3NrLmTj4ficGYNztnHgY,11
EtWBnjfHhCE6tq2YNJBMs1aD4VaGhRypzL8Kvfvy31F1,22
FGQrHt8gRF2vkxRQdypM1QuwSXL3GPP5P6YUpyxtmM4T,1
9djh21DNJE2N3vjqpUFH8EGrDfZ4KAZQSsKrwCpB7EJT,1
DmyY71Mq6idtE5KuFS2K9XKuesFt8oXxxuikS3RWnYCQ,1
3C7ghyLAwvxU2aGuRTtRHqZcQT9th9rovMqnKY3WDJod,1
47rESDoxvvAve8iyJPPX5NcE8451PNfTLB2fngfKdbxq,3
F9z527kaByzoE7sKcZLvrrGF7Ci48FvYGwJcFTS1Wj3,1
7gndSAt8DisyN5tTvTYKWJnQxcJYbcVHS8FnKwVUfDGQ,1
7UkVj7UcGsaCEpf3Pi6k6qxa33iuf8eehsTmaXtcVPzv,1
9gqgm9tPYVo7eruLBcx6Qbs4xQp8tyTixFRxzbVeNneS,2
8bo2b8aF98ms2T9t9t6NXMdDnjJ7t9v98eDeCLiL3UEE,1
8jnndLsWn9AF42vAUphgjqC8b5kJ5Nna3zkUNmKFHtgq,1
62L7yWw2cVQPT4beqVmuSCaStE26tYV2jbdMj8HdFyVZ,1
AdJGM1KqMCfKpj2tQg2ZnDx6TrcnBkyUX9K3W7DJfCks,1
HpSFnVWw3gRJ6u5WohNAzdsPnPV5SCRym9rXxHEX6RHr,1
8QjFBiQBCUdYd2ZHMV7NHguzsCEr9JmsnqjABayvmfGf,2
GJ28Z9QtmZGMV7Fp4XpVUh5BcTrjH9HYZaLh2yBc76de,1
6L8z8X5xukv49kgcraN5KMEbbbEkTmpeVceDY14wtwsX,1
9HFH8QG513beeYTc21DdJDqdEqECL2KtZnXG78HW68Kd,2
8v9PxpT4vD2S7maMKSz22BJnUfc6gFmSSon51y2coRYe,2
AnycJxKYhQi14pwUB7Vc4xdL2ckV7tN5nAfmA1kP8Luy,2
J3PdfP91ZKRHpSarvoDd9Z9MCAr7yw1BLd77GLsBQGj1,2
5ALv9ywMGDj6isJcGEwhyLdAAVhXqsLxpY5RyL2K5uvx,3
9gkwjtEuc2m3zQMrxHv6PD19zG2sKgu6weX88QNR2Dp6,2
HNyQtFGEjK43A7Y3u7BNfQzH5qytM5FRqntm6SxmNghm,1
4nS35fhuLYafr111qNgxcPZKsqtYZWs9PkR86ECSdMXA,1
3qUEjNQL2GwWhksm2TjYoMQ23e3aFALnaBgBPi8QWbar,1
EBgeHh7RLJhfvqM3iJ1KRb7Nqw8XrrWnoFCpEpHDAbNz,1
14R9fnC45C8a7dmyGgJpWLHsrLepnDU11UjaC9m1Mryh,18
43Ld59tCdqDa3ecqsUcTPPaAXQaxMAjYNMLwC8z7Xmzt,1
Hk8ZYAkkGGeRvHXEn9rnUPU2L75ix7gkBuWF6Vqr34Ds,1
8hCENSGkcHaiPEaRvqKeFM8tZSL9jFXMGgZMvhMWqi6Y,1
GBeVRDzw5aBGCJxgvTX5M1j5q7KHMSteXWhPmyUsDidP,2
59KstDiAG9zGiiReJPvUrqNusNEdYVtrE59ZNjmx9qj2,1
CmwTp7UsfqTFgoUQyy1KbNbKtLoqREcTiznRvvmLiWzM,6
CRvB9McYckPxRPUGrDdDSaJs6AHuN6tLRJyTEZbojGtx,1
DFzcrQvA84KJ36TxgEGmipXUqthaJHWHBtLojNpcE3Ks,3
H99SS4w3MZWnDnWK8hhAsizByvbMjgK4mMDFK2uZb8o8,1
FE2pjrFBgjeaF5zTzR7d6ni6QreRG2uSN7G2S6g5yqw5,4
C9ee3N4vZ5Axx5PVQSGnNuACsJyTXndEvuLpmLsnc8jt,1
GB5fUq8tFgWsmw2aqaGNNgxpBdSniKRpCov9qD2MY3ko,5
71cwV4pWP3xwpbNESdkgDfY7bng33aqxd9s5GzJpH5oP,1
GiDc7E49ZQwu1suZJKcfS5CC2pVTQo3457N3qqThNvZr,2
9Dtm6Dt6Er7CMGuxv5gnP6TBk9FfQg5zSiZQhGE1zLGE,2
DUs8J3RsK4rrzGbULeczFxLifbb8TsWbKzTLbAarDheh,1
5URAzdRen35oNBUd6BKAyjdadwhAgFDxyx5NkHNm4Tsj,2
F3qv7SeXmdapJttbaEHZjg3mCYJhdm2Y55NGEKwtoVfa,1
By6A9azgaCepyZQmVai8x8h49veBcdEcy7hdSWAnB4X6,1
5JpYYfHEqfNuN6PyqrATTccnv3ieHQm8VLJksk42hJCx,2
FwWv4zwLCBuzaUBP94zp7G5VyLDp4mdPz93ktv2xRDJD,2
BHRrv5CVkPetTVdSsFpr3go18JJKQ3xtFpJpG9cpnWQf,1
FQp8Mv7ktqZeayBw63WfrNiz1qV5cpUhS2hncafu62GY,1
6dhvefpSjszjVo7AXeitv4H4nYKzwzLoN1CPfiCSQmeJ,1
4J9gQApYXZYXjGjknnMPihwWHeAL2EFGKxbpJJxBNbXX,7
9eAfi7MKTRx6b1Ui7goq4RGpKfLjApisKaxZZfjme4MW,1
6fJ6GEYHyQRPQFyKaMhhfG5ooqjvPRZFbh8CcpeBfcge,10
Hw8NG3WDfq84VYrC5zQFn2jAnjHcLFHQ8yhQoCZfR8UB,2
Cv5rW3TQbTfLyMCzZ7HKiXKkXqNes5gNuBmRCByG4kre,2
7srzjzYnPFbfdEWWmT4LgrvmsUFHfCsydookpxssWDXJ,1
GAqgnKWHC1KtgKor41tGiLbjYtHnENymWheFJ1zUkEdh,1
5MqB1r3nLhZhDS9Q7dCYfrP3zihoRYK4UzWoFstskrw4,1
9MaW1Tq3GiEH7ZfJcyDXF58ndUs1SXDEer7fJpgYf37N,1
FDmvsW2kgKC7mG3oBccsRh3uoecEk9ng7n3qEzCWErGZ,2
68bfUHxvJ25beNs3gYpD1KPy2ipd4sRFxTK1xyNVU1dW,2
BQu2RLfNPzngWEoTYNdEpbpvjknU2wjmsSjkeyUyTTRZ,1
6j3GBJwoLBm62GyvsLrruH3xsrPUqUEDySzj1p7caCTm,1
DMf4vcsw8cX5khU7vn2SJFv3UDVoN8DjfnbLXg6QLaVT,2
HDhAhHW2d5oGN299Hi5dJFb4v9m21brynG8MKhthRgdo,2
G7qWFUsUuXvZSKkphZyHDuUk7teScSj6fYVzhZ3hrb6n,1
7QgaB7TLrggYjUrx3RofGNkirUppH3eJdZPGh3uKaZZm,2
DWnsoJV1fz5UrArho2yX25KeQr3k6i28D1pQewEMZBas,1
B7dG2BAzppnAnNwcC6BNVY1t3kszua2cPfKp9mCVqswf,1
Bdz56n2b53VioBVVxSGabBd1WGZXyxEo5RN5QkQQ8yP8,1
9CJX5V5ZpBHByZJ59konKRWfPbcvtx3wz6Zpz3FCtwLZ,1
FHhhWS6LBtXGHvcHKaZTnLaRfU2HB7q7odv8t6B7hvm,3
6UJS3hyFUeQzznyB633X1Y4obL9Q5X7BJ87mXFYcLNX3,2
7nAnerTAyjDCExNsShknYGA8fCJFap7P11B6wY54omAo,8
9hpuVz4DRxcDpEFcwRrL8jbVErLhmRqKeVoYFoCwDa9i,2
DLQhxVujV8HMgouDf7mJfpxH1oE9qp8UeiqTAqNk3YDz,2
Hr1erjY4ygZFywGvMk1oMvX5Xp6bwRREZDciHapsRB4K,1
DaXmJ45qSABmrFWejf8TU2rx6587jCYHskSpYnmK3VYV,18
8gVCvqqWxswAyzrZGCqAMnDvkqTzjk3rcZJevrg3RnbA,1
Hze1JSomp9FTDXtmV25n9QAzYQqakpS2BcZKLVs8NAAy,2
5KjviTEtatm6XVvtRCFcXCiqvT5gf2K7NsuCFuQJGExE,2
HVk4LHzAXJPkg6WWJMYsr69viDHP6ZwAHiQwrGD7VNVd,2
8nFLG8YARvscswTGMeEC9ba8aaZFkCywaSfB8uTCic9o,3
FBWsVgujqkPkY8snnjN5ZffLPrBbRgNhTL763Pc4oXY2,1
5nA34JCeKGo5HuEVj3pBspVeWVJve5iFkC3joSmHauzz,2
HDmm1H3nGz5EkyB8R1BB7k9VAMFeJDkhgR7mBc1ZV41W,10
5qtJ4LuwQBKmP9KYkqHBbMFeVk9LXzyGJAtVGjRJMrwC,3
G3aqmCVWzHY9m8CHQrswvW5rXJJzqUhAPddWvdHoj6Ym,2
4Y9waEYXni5uNNT1P2jsxMYASMB12fAHeznNa6bxaCXd,6
5QrPtots7Ye7ZGhoR2muaw5Abpy2rkEWa3Z3cL7pCAsi,1
5AFPsG1tXDrxae6UivwNiT4ZG9XsYGVE34x2ZhG9TKXA,1
4iB3KhrsFicrsVzAjzoQBXNwmw2bfFTixr8Mcmj93jhB,1
8zspYtNiLi3rGbMDMRk5XAvvBvgLwdQdBy3nUAoi8VQF,1
FnNZ4BeUD1chzs5u5gkRg9PbgZcAKwgYBi6nbJFLobJw,1
EpTpjhp2dnVJ6WwizTWF92yDovt9VBwByuvNMJ4umoWP,1
5uknjS9QNvL5i4c3n2FpYiTVX8pb9VBayysqNBGPYVE2,1
CmMPkx2mvdWi9ghdEZopjkT3MWPExBj75R5fhQtQrwEP,1
5rZPqqpmzEYEgQTj41jESrBPfxcmVh3k3M8s5Z7ZzibT,13
BuLksA6LtmtUYCMWdJGgFJj91sKRcoF83jConzT7ECC6,1
3gBd3pZKexo4waSY5r3pBM9AhvuT3m749yCV7qy5QBEy,2
917ovuk1h2p2G23mfqwU4YCjdu5dBYQxhhotnEQMfCY7,2
8s6wqNMeodNcWfGJKm2oFcsNyEBDGY6uqQwViwsngEGr,2
7uawjUY4yjE8DjadZ25wLX8LRUhyxXG3CFfyi5y75XwV,1
B62NFf5w3KWMyuyKSL25diUrQCPfEvB39yGV2divdc96,4
GFBD3azM6uAWDc6PXnHRpL9DZcb7P7RkL8k3ggcXzg4m,5
Hyoqcph5uqQWjjgy1trXrrUmv2LSb3vmTHH2RGZDDuM9,1
8oSWYazTK6vkpCc29UE6KqdsD2RxkmNjDzsmCt7qQQxp,1
3JMbwGxVDDYnu9zGeqNKf4hXDMhCzt9Z21SRtvMzYDg7,6
5zCC7oGbRjZT6Kn8H8ZTLrckZoW77DKYVZRcT6ovKZXK,2
9XqRwD7XeCG1fbGdzfsgRBA435ZMArvt78Qofth2u4Nk,1
Dc2nkZBMFhwJrf6gdjvuBMXtowVDEaAdMsDGJPsKwJei,2
4AQKwLaYaNDdv8wU41pZ2Qa6W827CYdZn34womockHip,2
3268Y3fnmR5Fxv2kKsfD5z5uYeujE6VuidonXR2Dmmv1,1
Ankuj9vDZdJ9fZ5FGdVDbaA3sxMTD9a5Eoc75YAKG8ps,1
8z6oojEWveKJU4comHZoniFuhN774BxYSZeDS1KCd8Pe,1
E95oodcQS54XRysBPKTiKvBVBAqM3BUkq2Le7nHoLAqs,3
FvE3vfPEUauAFGUTpxuQxxUXgFMmuLpg2szAB7X7kP35,1
A98Md4cQ3s7WoGCYo2ZxNSg9FC2h9BuA9AT7Q38f4Atg,2
58rxZBM3chG4UA54ZKwfJLMca9QKK6x19fnegNgVTiVw,1
CtyChBpZ7h2rsUzbQW4BXhrq5hatNuuTn5W8wkfmXsSa,2
Anu9fS1gLNpch6izNpsLenbGx4oKBh24Ea7xMjtBzVu6,1
F8WQ939iDkHUQ9oNxhKVpQWutzEto9PY5dEKNNAuf4nU,8
8msKz2thMMAaZ2dJd1GWodpVU8uUR2GBxVhfL3Pe82Qk,1
98dUw5CUPF7FHDMaGiDeBUYGEyN9otC8NKT4P6rWuCHr,1
GVPtdci9pJb7CWjc6ACJNtZBkZi8CU1WCfHCdB7BFJZV,2
7RMNxrf3tGxGZ2PrJp8HfTWt2ptz7v3syHRL9LvsNbor,2
BHWbTd4j1usPVaXHWF3xaZJH5TpcnitBgoeZKai2EoxK,2
GTpkVaMKFf3jgZJA4JZwNxY925gxwJX9CsGhUQXscQEu,1
4JVSQMjdovRmUgQae9wDGm2smJ5qJZoiqXJDadwBLhVF,1
AppuoU3dh7urY3wSn53FBPDEz8rbSHWgQ1sqpSXB6BLE,3
A7u7q1TtBK4ZDSaVoqSHqfD8Ryfs7maBNTgVj5RSVZHh,3
EPtqUvvsqKfuUKxuFsQT1iDTfFK1uwB8KRQAgG3jt78W,5
3reheVTAfMmm9obaKP1ymuJYWRXLsYBm6rZteDjxy9Sk,1
7r3aMjrSLy7VDbKc2hfpR675z2QPHVZtd7vGkqX38Z4t,1
Fs9fLQqwB2he6JKsQ883T4tjH3x2fsAor3nmG1otdoKm,2
33LpPY2yQKaWxc5E4eT7e4p3WnsKwg2BU48wsR9zc9Km,2
517cRWdyhgDkJw25xWFTERr9hugMo6LqRC5b4B4RECTD,1
HhLNjmnbxJfjn2MzZ1J4vdCgFAmx9grBcs96EYceg5uk,1
9fsPC7LKwGZt9xu2GzpvZascUQFzn1oF7HxAwnVAxeWP,1
HTmwdif75ny1uGEK5s28nmLyALQgUuHBZCkLq51mdhMs,3
2kkL2erBhCVoA24qggQsw2rtayLqdyMRHFUTWzaJHbon,1
BLcQqYVkoEF6W4xvXBe4KtVNvvWFVz9UQNevrUjcmbBj,1
GYppsXkK6ST9jPRvzdrkkTPZ16V8Qs6ur88c9DR5ruYY,1
ECWwxLG35Aaj1KUXiVzMst74fVjUZxbt5QKp3iWJUn74,1
GisbM11X4piG7GxYsdHnTGUUWzwxUtJMJ3qpW9jtDNEh,1
EwZR7nfHu3m4UeCbvnigebZGU4bz2mhYRLuMgFoBWWbz,3
3P85yAsx6AYMaiQzX8U3BmtvukTWAGtDxzsmZfYkaXzo,2
HU69yurAB7pEGMML2mryq1HMqnek7E7A38DPzFN2MYWF,1
FBfGV57vdeKpx8krtDmvvyaGBLbi5r2pkUWkaeEQtE4x,1
4dkUHYQzCK2s4BdwUurbT8nzEAoj82qHTpSPURoMyyAM,1
2Qc1fFr5cVrdPiaeAzigN1WRahZWGxzctwfzoCedDzc5,1
7QXDHaFhi4AYvZvgkWq35Vk8em5NQQoDCdGVnQG6DFMK,1
8r27KvroZjJJ72R6gkEyaxKKfqkoiWdcu17GwWqayaoA,1
Ek38zTjDfGht5ysfGkCzTeDCoE8bCnSkpPbaEDmCViqz,1
5sRTGgTDJwHT4MLo2EjnVcRPNzBr8TLmENVEvPB99B8A,1
3is6vH8zpQh6X9Po4DtiUTAQRh8FHVD6BGShNjJUjKvY,1
2Pb6dSBzGwj5i6fvFV12uggcZceMDC2Be7bKDTu3eDiV,2
6nR2RyEa6qGqhQcnRwWYg6EYM7T3gFkdNw2k2cwNVPtu,1
3vURyGVHnJjFojmko4NppMg7V3vE81uaWhB9z2sLreH3,1
C8mgrCncLMtpfh4QzkJsPfrWd384yQeSYpdujw4LF53T,1
9fg8bCxLf8w3BS38RKPLeQBqR8D9riSZzgca4FwfujXt,3
7Pn8kL1ebQrH9bddGxMcLEV6Tbw7AFos1x5NH3XSLCcZ,3
EWM1ARKKAyGWAQuc9qSoS9GjkJ6mLNeMQjKu5XyZarrs,2
8vy2SiNzGsYkqYCuRmNfK1vgyKBUa9poVSQBoWzQgskr,2
2voio4wuRv3891P9FFxtAtigjhwBt1u6ouLTxkffn67X,1
4mH75fm4SZyy8Wn8tjMg1XTBLDrn8is7iiESGzVqqS2H,1
E9bf4LKa6bKStbrRVas9yUzKsp1s5thLvQNJraY1vvs2,2
9W7PwiqbGke3CgJgqYA39gCZQ1s4DL51JxNbXGmfCvTU,2
26aqRSKCJybR584jTKbaruvREJWRgbxpzbEXgpdACQwx,1
85qm4onzKTFcqemNFNoSXiUxPevDK5HP3bkvswbzZieU,2
F7VBmVXossvVuvzcr1Ziek2KnrMq2mLEDtpuXTTPzk1A,3
H8tdQcAfJzt31pj8iod2NCN9pnHdPndjkqCNC5R1DFGx,1
Fb1J5iKCN2eifVezRggKgdSYJUDShRjNPpnwoD3p8Na6,2
3QbEZYM1YEt2ED2FBVeZmdqGt9ybsFPCdrWFTVRWko8T,1
qHdhmXzC6esTxiLTFDd1WyRJB5H6LXu6sAAcmY8Xxx2,1
CdNrLVeVLBdTpNzjsqsqBD5yVJjMr3Fd38etgRzR2gmw,1
9FGhbM3sVAUd77Y68D561s5FXnTWXeLghhrHbvqqZbtF,2
E6wwEU1ePjyoUuenYCstyqrnd4cZBw2CxYoVNnz2ZWe2,2
EsfZM7rYRkAcQmMQPLfdik6bEid4pXdny5ug1oVnkn2A,2
AP4bgDbfMAfEue84kTt5VcSbYYxeqEFsEN2FB4C4akK,2
DdTFUM7kT76PkqFkDVxTTcp9nJ7v616uQx6ygJeBTKTo,17
HQmb2kZpGEiwKnPAVDG2NmiRybjgG7pZ5nTN66c6b6zh,2
2gwTaajEr2E3vjgdwXDM1NRaYrWurwVuhdZoE5aPg2K1,1
3hPcQzvA6LW3FKgy7cKDpx9sY4rFEPizeACUj4mmexRk,1
5pJ89aofV4nP5eaJfpvvChkuce7NEUQVf31ckLCXTymg,2
Bk3TQRSPspyCAdntE2cAc7PLB2FcjNZeBechoKfrUDUu,1
HJPpzQhGMrUnYYQcVaUHopmGSRUwqn4TJjkGY51X8YkZ,1
4TidbLDsddNzJ1bNjKKP5RBujBAwQkb5Ap7j62RMG4it,5
9XX9odn1k2aVik82E5arkonKRjHx6WrxkJwsrr28mKtt,1
SK1j2zo8VscdPXGTF9qeSsmo1JeoDHT4qgsAoDn4PD7,1
FWv3xt7htDRMMvHULbrApK2Xratvk1UZmZHqo1cAEQf1,1
Efx1LHEbVZQyqxxkibrZ11ehDP38nxPXCj38GoUn4i83,4
ErRsky2W5jFtwCjrcPpm2A1NfdKxmBozVFZNDXuP3fcB,1
y822Suse4UuKwRcC6ZmfiZbLqijjqQESJtEzgriEcrv,2
8VmG3oxbuSw2Gk2dESzadpM8fAxU67ZJrteYDefDBRdp,1
8RpCVXjqsWd2FbSGur8mXLn94wh5taaQZVfjrHQSW53K,1
ArY7vmAJdntM6QSskBtRfWe8TmuMY8e4oiuJYDAaHSLd,5
GVhp8efgbNm9GxZ9JDzBd1CZc2Er9bNw5gzF1xppUV4U,1
B4zkDon9XYQ4vkDxn9cXjQiFH8fxX1eWG6HGkhpwGnCX,2
EGETRn4X4MYkJ6rrYfqKdVg9Lf978aM6TVuarHTQbDMT,1
5YnsUrZDi5TGvekQw4tHoD9sHftg3JA7hSUua3FzSbxT,1
6g1xwwgsT4Stdyi3amRETZy71icQUBNfHirjwkViAfob,8
4jGkRUXpWFSY3q9XLErccm5nGCUU7jZcAmfEz9eg21tH,1
6iA5sPtm3wnJhextDaztxkS2miWgXteC5qabv6V4KaLS,4
EbzuqS1eVmxTq6ny67rEcZAdQsQimWDUistmASnspoLw,11
tx1K5ky6ZYTdTTxuoSh5eaiaFM2tzRypvnep6gfreP9,2
CHDzDXTciRwApZm5g1R28QKoyuN6UHXWBrB57Lj1Sbbm,3
3rM2UFp2dbitaao9g51P5bVY5ayoFEgsD7PEgDBqpnyA,1
71RvT8qAJLRcsXMmL91FXsFAAuPmKdMe5ZKRyRYKHEBv,3
2EJY8AWhvPCHvJd5ceaPwhNrw2bg4oBg6chy4esBmBX3,4
gmAtgcxQMecDB1awHCqQye22CkspiwcrrojhpNHCLqA,1
FQC8tfP6GhmLAsFBf5ezzuSnX47YGyxytHDVGFtHPVCD,3
Em3YJmteVw9wpmDZ7KULMXPfvRCTqjp5JWsjRedFBLiz,2
D9jmE93Tq2MU1ZHU1c6qM2TgwMQGQecx2Yw21KYtYbZo,1
86s5LXaJ2VGnL65Yjh9Xb6JmdNU6G8dwLqSXQnuFU5Sa,1
95TwLQ68R7bU4ABfBVuL1Lojf215nZBS2JztRE2vqPuy,4
8GhEs71GqXMXTtrJxBXLDVhQgzEwRXobbudFeBMdQSjJ,2
NuP9Ya81431LK3Zy7hvWi2wrff5PMFFxSQtDkr8auJb,3
J5pXjh7yUEUtNSP1XSnajegrEdRUbNWvtgRqgNiq7oZZ,1
FSkUFA3rKv4pqQe1qA3QJbCf1ZDLNqYea3uwkCtAc4S6,1
B9FYjTsrLjqRzZFUBiC3x2LdTE7GBNb6yPcjd8q43jm3,2
DT1kMuVehCVy8LbXbRbAjnJas5vZUCQnsGxGQ4vip9Zf,1
51Ce6zjcyVhEBVb8dtou5BxoNn61ffDNdsjcuQYLUygJ,2
5ewGy11Tadc1KCCuLZPBhhGoKecfgJshUiwBHzLChHD9,1
9vt3qSoGDQ1o3nE945BQjpZA6ybXTrP6T2ySUb7MBSFQ,1
6c4k18xXHTqC4EuUibhuiPrUfVZCM8Jjb2kygHuPEuJZ,2
4KqPSJruEqprcgwAfdbyVNLo5dDDio7CvPexc74K4U4D,1
AZLm21MaKZrAGCS11xmcYnCVmra2RJQ5nwyaNM5yCWkn,2
5yCN7Y2nDY9WZb5pJaniC7NcPGPPqS3ZSopLzGwtnh45,2
B1JwjQLUZWcoyXhquyHFvgwDg9Lf5NW1DWq4GznP8VBq,8
CCDfMXtix3ZYra9gUc8XJ7qpXN9fwr2y2RQwy9cFWnuj,2
G4Pa2smfWYJAF2e9mUQGzgGivJKpgMbFWEQzp3apGkf1,3
EjNKVhthrv62EuCqCU6BdzFXSTwjTmdR4vHmS7VSz2z1,5
JDgC7F9LAmemQDgEhLiyRTAj4vFQ1BbTBh53qPbusAVf,2
GyzcXcJ7crbaHzp6tc3LX4T2McH5xFDKtPb7JUkeLwP3,1
FUb6ttW8EL3EABfax77A4TXs55mgAg1E1V9972w6tpeX,2
EBr3BqSrX4h4539PCzpGMLUVgDeiaMDaCiaAgLynbR4p,2
9cmiDWv1b5zRJqbJsFvbKk5k7EXENddT9nvVCxaRQ5Rs,3
EapK5ZAYkQscQ4CCA7x5kh42CC31J2D2bjh2YMzDCPdi,1
8CRQtU1iBeYY4ZjBBGd7wLhkGVZk6dUY3KEEEw7azQ4q,2
DQtRg7EAecUHELsxTgHim8vyGNtNPRrzgKRLX8JVaZuA,2
72qXpaN7kZ89u9tEpzyFVvCon4zGhcSf1iRLLRnsKDuM,1
AppLDyEaxn5DfFQYVemZbyMTtc8rcUMZMdca8p7iqGdc,1
7KWTcmHwZUmFGmt9x7hKWLYnc8MPxocRcQMUyhBzuAGQ,2
Bg9NLYmpZxhajCy4d9Ubv2JBxeF7JEK9kVB8uQqDqvMg,9
GKAkKheio3AbBZvRENoCoKRc9x6pJgKva8vckfdayiPQ,3
C2rLxshWmZH4A5aaeGFSJCeNr71PLXN7nDFeGknbvu3k,1
oTZfPapMAfAd5VS8iHUiqKBu42xfuZzX1pUdqRATYaP,1
Eon7JkXRWT5BCsV7k61VR3nyzQjag96YTvUqdbD6Xgjn,6
F4bXmC9GMQf9MzWUo3UqAaj15JnWmGmSdJ6p4UKYGgVc,3
4Pm9XPoiwoNzsEXcGKC8cKgBs3QYiUYoL5msqUZ3HNfY,1
xxdJBBZRLb7Kcd82c3EmXjjuG3jyNy454Z8v5AVDrtz,3
HrruVrzK1QXugKiu3ssxP6n95vyYGVuifxQCd4e4t4px,2
GP1PAsdKe6EpR4kuLRJnPCvzBX39md7SJHBbm3vydf6L,2
BbTrE64umQTLV3coiXh7CQhGjueGX7R88tDvuQgr4hSj,3
9CMnpG5MVmR6rkJ7rGHuuKvkejN8iC7G3VeJFNs4KwdJ,17
8RC3P1RT18ynmtHUVV6aqt3vUheZtUUjF4JhsjdgvEEH,3
9bVrPx3oxEmSGPHpqrMZQLEoWHuwaQ8V8M1dpvRc3JTg,1
CHPUec1dJPjNyFoMtyWsbASrbDmJMcH6gXKhj8sVjSUt,2
GdJ9HC44tCKnFTFLjWtxEvr3QX4Vv3BGLMNwtMkkdtgu,1
44evCg6h9uZGPyyjjCb3otwfa3ZdCgnrgYULSt7Yfmgv,1
8CXKLFkAoGR8CxmEVKtsMxiZUmf4WvbSYPPsxAc2CWKW,6
4id1Bi2zoj3N2rA5MRLmdDGrGQjRG3x2tAwPZuZtakme,1
59NhXqQH2jkLuG7sNVJCMe75neYZ1gK1pmYgtetUcHpS,1
8AmnFnHrZKaYHjg2XZk16RsAVpx3ekCoFkR9Ef8kk4VY,2
ERjJKCbohCjNR6UJ7PeHNZK9a4PnobcTEgqpRfjiXkg4,3
HnZ9mtRBNTevy5vH4rweDqdvcQkhEYVeKNvexVnDBLt7,9
5tVdydmwMGsmJz8XMW7dfeRT2RT14An31GbySwuFqZvC,1
43S5VoYfzHPfRjmUsEXsBz2e3xirv4ZkvSmniD3chEET,2
68A7rJZueB2p4Vw9wYJMKqSzGXtLanfMvTvz3q3q9FHh,1
HutVkZNUb2Eg6bUUP7VS8mLGR2uTeMHM7t6DQEPEaNEz,2
2iqgZTWqNo2AT6gt1zUbT5yABtycWiEhft4nwpGV8RK1,1
FQvUV5GM6TrUV4vJZ2NFJty4qDH7i9eRhHXZnngRg5mC,2
8nsxPBVScN6Hsz4nF7w9JpDiAK1Hd8fzLroBFEJjt9LT,2
E9vyR4BBFVQ9XRUw3DPgoQV8kEZ6atwXEtAx7DQb56Fc,2
9gWskPNsJgoB4TFaE2WyZKA8rHstytgCvY2vT5KeAfVc,3
GnFAPVn3jPuW1jm4EjXQYenjfGe9ZmFz6NusDB1gHECB,1
BjNLGeUcj11NRe7XjRbPLgnFTqcQA8MAZ3VUdJDaGfdm,2
6gv7mqbLDEdCAsu6juBFHt9dAgdifahBdaXDXi5AuXGJ,1
9DMDYrgLZiydws8xh8rmMvuPG7HtLXMbYMB1CPeVKLkX,2
AV3MaKVLBQPZyyRucRw1RpMaMfBExvybYGBKxySXxMw8,1
CvFv7UWVNN5cQzLCTBwyKULLqsSRpkABX74GCK9RovnS,2
5KkFrNatpyej9BnxbFQmT1GTkcHx7tK4tBSdUEa18Vpa,3
7ZPzPYhmnXYWwMQ629CJEJCwpcsge6TKqaA6SmahzjBa,6
BnjiDwTseMxbb4fXRDu9ETVdgVFtqpdJoPLWBmrWHVhk,1
76FyigyCosgH7RC4zBHqJtVn1jD9iAQ3WvxBxX7yNF8x,3
2XiuJmM7TVywjqGaGCWxLVSDz4kKZytYHMtxesif7YER,4
FvqdreoTEKJuPXxqCq8o5m5jgj7pVU14xLArWYnY7xaE,1
HcaJJyYNDo7QBACNEv28rawLxmDTcS9coV2puKd7SbiK,1
6vXHcvdppwQHgyHCuTCjDZvhzS6KAL5KwCa2iP5fE9xS,2
6GxarMgCiEGn3xCe5tLJXMdGzB98CCPU9uiKssvf594i,2
9fdGM5EiPJXKzerkDiMCWu8SXvq2P6p4rAPidTCTFBoT,1
6E28eHz73TYiVQiKnb9uVY5UpWJq5ziM6J7TF1PruakS,2
8azWpwCWgHrmNFP8BqT4vWNrQ9uZU2xsX4WbpqktSeNV,2
EYsLXhd8JtR5NA9aviSyDcJ2RVM6dzPePRydrP8TmpT4,3
EyrNAfxzBt6WdEv6JB4f34FkWTNEcqE9CTeRytKRxLY6,1
CNokLHoAohuXyYkjSXEA2oGNpC2G26aznHG2SZxgsYh1,2
Hofizevk7YL23zK4BL9jDfgfD5xnWY7FRXPZUcJssYe8,3
54XQM6N9jFpXxVJEVhTrRc1iEpNsr8MnmAaKSiyhUPbx,1
7hQyfXBXauoUNqWs9R7NQnj35CWiWnNEvtqyxUgeR74F,5
GM9UjwUTvXnrbheyEUqhY2xBnbMRYUWhWRpURzvpVCoY,2
63s726VHM53gcp3pw6SLf1pLY615uvWDjz5vL4RDBwk1,3
6dHUYtGCyoBW8PyuMDVxSJZcnFQnUZTtk5rFaeUtbSxA,2
u69bhoFmw3YG9gALPpCLKRz6ZeNMRp27cfALjAsCz3u,3
3EYZkk1QRKA9Tn1UnWQ9ESveUovzgWWLBuAm69smguuz,1
6hq3GHeZpG6ARQqREpH8JP4D2PArAnReh4xF8cZcW5aG,2
Fh6EEUB4ccwcCtDzyfWijAprf3qtCbuEWW7Rk1V5Chtt,1
BzZ3ju2NViuKxUmk73dhWfTvoVkSiSe1boMkdXNEMaiE,1
5QtqzXJDQbbVZrrWJhWcEFMZpCkcEM4WqBJLbGiPTQy5,1
7YE2fjprQBv11rzMm2wRuKHa6Hb6KC67cYRFF1pCfecF,6
4Qy6WxBvvHPC6ARBWqMxw9nfmDgwQ38ghxDRUK2HERSe,3
Ah31PbckoJCrWkyYfVteqgE8GCwWH5SrBB1MS6FfbJ7g,2
GksfuopCmJ2VbDqjvZT7CCWUWhFebpUtBHy1WD2ZXmj9,2
EPjUYr3uojzV42afUfHv56V8dZSuR286em8Vjgm3vRtC,14
3dM5A3LMiVqdg9Kqf34yK8mSRy2KdZ2vfk4x6jR3rzhV,1
BREkjhZVv1W6JjzjSdGE17EbyDA4koDoe6cVnQd6Czvz,2
JBa6uCoR9Z9xdT6YbPX8JkbJ4X32gbF6kFhQnGeiswkZ,1
4BpUQbXukj5UviUn3UNusqdZ5nSwXZT3cgkkpwNUP7vY,1
FJqB9npggS4DHpLWi4YCsSa9qj1vH7dWmz64jJezhkBF,1
HuZ95CwYYxLS5etJ6JdurEuspmmrT1L3jQo2jJbgEGVL,1
D7euki5kysgubz3vWWV6TYHq8psbtNvTCxvrChqUpQK3,3
8afzWPZHtHwuUob3mdbzs7U9qrf66f64V4U2deSY3usQ,2
ACp8wu7djR9zNgY7kwJtuRUZQtjTX8BvmRzYRFFi84vu,1
AzRmA3VrjiHM5dfFG6kPCwTuyhRpTnUmSRut9qNFudVy,1
9RtNbEZ4ZR8T1HFF4cujPVy2kejVBKFo3CPQi8psSa1q,1
8fcpEFD4Kqh75ZiVCxrcyF2bTN3jtu9ScvrgmQMEJhoU,2
Fjnf5FSenCRypABpeUcw7NDk5eoNi6CuGxJAdH7wgYGK,1
AumrH8CKDPJ1rNzY2ySufwmvDGmhmtJuPFFRvgS5DJ8r,2
isYUVxrVJ1r5fsPaaqXeiJKvwGd2WwwBXU7XmoTVNQD,1
3TokiGkwekhqVy1cD2HRTWLa8MB2YQsg7mepsowME7St,8
AGgvwBeMuaLRa1MCFii3huJcwWgyyoJHfUEEYEYV6mQ9,1
7MfrVBzmduum1U7W4xsh5bidjR1c1VZkGpmcPjUk4YCc,2
5uazfdnsrtFSVGisA5kTKB7JrSwr2RRVeDHMef36dEvp,2
FZo6MdYDJocGhv4WVEzpxPQqARdEpnKniwPmShVLbWVn,3
7durHAkxzh3qxwdxpvzMPNAcxmDtzHNSvkAy9BFCh8yA,2
DqViE4avrby37tBhEf8kLadf8dUSfct5kKKPXr45SXBf,2
2N2dQZJKinrZ92MHG8B2R71avYyVPfxwPrG5JeY9XptT,1
Bxgi3ewGeyyN1YT5RDNstyUg8XC8tgTjnZy2BdfhmiFW,1
CQxJndgVquxGosmxuk44iWR1tSrAF44PxtJSv5SDmkiL,2
7wvFyuRppuZTxxYEQZFQszeMFEbm3tDFq1TZWMNjzBj2,7
3LyZtDWAVoVc7mFZcu2iZ66c3AZhNaH2m4jBtb3BEASk,2
VW7wS82kF35fcwPKfecEUCLAiCnWNqCXxh385RRWQoK,1
FtrrFm1vknDMnDsryqT36LmQYBrhrZbiAXFshMcrw6Tm,1
GTfqGY5Tm8gBrcKjhZxM8EKff9s2o59tp58EawjVqm1M,2
4ZjYSCH3Sib9iMSM3QN2sL2kwxNcXG2P4XCemSC2hsyb,2
EudYqEzjJprkdV5KATp8oKjv1obGrhto2EYpJqQye7KK,1
FTe7X68oMyqkhdXT6opAry6VvddY6NnZbYd4WhMMXarF,1
CTpS3Nx3aXivrgmojC8Tm9UhJLV5VpWTJ8C53Qa7pqzU,1
92Y2Mfyh2TsQ99pigthBj9AvBBcooLCsXxNSZCeRBkyF,2
6bPPEfwXkCYEzhMdoHNEszftjxdm29USuUMEWSavVooJ,2
6HfGgnK45EWKeuiz1XnPsxtRLPPuii4Xsihfgy2UBVFt,1
6MCgMvMby28kciWwGZhLcaE9YXJkVZnyH4KxTYY1uU1W,4
FZ2RhUrA3dMYLahnXX6FkYNxvc5mvC1LTCVuezZWbiKA,1
8fHvmVzxv5tVJSELSrP4tpkurDrtZYLhx4mp56muCiuS,3
DZ7rZZeh5WTdy6U4CDqhfenshsKAEdj8J6vxMMYh8PK8,1
BJmfQoLZBWGPWCVAYbpkrMYfxE8nMi7kMLzxTRsm4UGr,2
3YKSGJraZ5gAnDKx5R9BA7WP3M6WPkzfpbtDGTLVuuTU,1
BFnAUcCn1DMJp6moZr1LWtrJ2VzcPmJdFCrdhswuB8yS,1
GVYjFvfM1Jnu6tijZkwigpyRDwA9ESJrZekxkMixS6Wh,3
CGdkbTct6w46xAbWo1QUdvfaAAHHGFJC8315LXC29Qyf,1
DRPeMowpMdNNLzmsq6TydXPiMUosLAgtcJGmxPAVDNYA,1
2wHv8ZwvBRYXstV6j1ZvUT66nggugvBJ2emXN8fyVmwG,3
EHEyxyKa2QfLBVqjViHGKNxWy1YTFa51r3Bui27ctT67,1
FjdEu1fHsAxMJkLqs9XkMC8arora61dZKXU7zreBC76R,2
J2KtNS8uppcLKYZ4NGEDso6xyYcmGcCs1r5nnyHAWi4u,1
ADxjieLou4ws8xzNNicD6zne5mpvREiuR83Lay2gcb8c,3
4Mn2qwPmsUuhb8CYpYqwonQo1bTssxymwGC5kAv7GarD,4
HHsAvxbsN8mfyG4P9BUcYUqsGznUmXEpPGotevjv7hc6,1
8Rtd7gXDpzMgfukz9D4suGS9ARYo3hjmBcjoJ4PTPAm7,1
9Rk9y2y1WTUrp1KnbcfEbmJ9EvvZMwsEBrbSLroP4VJX,2
21JyLgtYTygNXk1kBPQv8mByiGLK42jr244cKoWj9BQH,1
AWhQaY2o6y7LkHUPQVAEA8SFPqEgeiE3kxmQ99asWYWU,1
DaoYN8dJmyVGtummuKqKfMGnALGu9VZtY9dgWrHbNNnp,2
Bf4BSrJ3qdo8sXp5GQ2kYHivq6ou8Grbv9iXgGcf5k3j,1
AFm9j4GS5n1fK67WwwiCAGv1kxmYfX5FL3nTWRDqiDj5,3
GADJtKYi5ArDYXnXkPV6e9cytswrhck4RAKUU8GmJ9Ei,1
3T7xx63MY5Z6z66nCb2hvCpUmbQwha3mXysYPiCAS1Cj,3
HKctnW9mSgFj6fwTgvQxkkgcdECYbgifu8CEc8G7PhDv,2
6CHxveNCA8wZirZx3fDK6bHDfY89VHHBZDpEpVVNBNS3,1
6YX9MxGByrgYs93bPch4rgRuaxojGiXKsxi8R7EXkJ1r,3
CS2nSLWHvomnzLoHgMCKmFrCmGzLJ2YLGKdDLxoWc9AR,2
FbwRZWQwEsLp8A1KhgBWYcETmdXttrHXLJde8Amd6sYA,1
4LZQpcUW3FgJtaAT7NWeZoMPvvMK9N51jErFf3QukBxc,1
6ZLggnJzx1gbmtBuvZK1y3uwfSJ7qRX2igFq3kqh9MiE,1
9kcR8tg8PNccPbZhaFwSktzRUvxCFGfCwcihdXNxyQG2,1
FsTwVQmntUAJJVzq8XdvKNKWt3vyXAK7DAY6U5bADDKN,2
D531CfNNMx2tj3P89khpS3gEXdGgjG783tmHnF5xJwjV,2
8c8VZs58U6k8mbe3L5RCVgV4th32JeBak3XJPH8EhopW,1
Fz7USUwQ6oTvEa7GuQg4a6XeWp5CEgVBsuaEiAriEgnf,1
EP1rvLC4Mm4TJbaHMTjbwgze2jpggJxAHphk65NTAdsT,1
63GBrwin6rXgxBNauFLBNgApcg9VYbxahnvGiit7u9vg,1
FAekbjCeQ1TS3ZdBH1WzYNrLq6ZsuTcko1H5fYDJFdrw,1
9nCbBwceEFQUZHkNohgZaF8x8Ki7326g7Zw2h6EnudQQ,1
3VHzFq9xd53n84Nw91nVzAn4Gm7dgsUYqYhqUNRku2y9,2
DCLNy3XtMgzAUBseM3BatZE1Bf5KgA67hWkcGTqUgALd,2
AAENxru6LeJQ2XDE2U15hC1XQVBce84fnGZ5ePAAo1wN,1
HJbXTzASfZ4Zcpa7NsDaCsKcEZfqK8HBpVr6foo3rjuW,1
4A4VGzJXViNsXpJQKHQrUqYvF4TbNR9ND7LWAkT2fgcD,2
FyYpY8kfNmcDJRvAtPoKgnFcc9XYTkvFUUyZWkESDM4v,1
J7muK9L6pYMiiwnhoPnCVMqYsajjLocgMgTr7zSViXCR,3
HmEL9qRUxSyvmjdUobnNPHDbwn9u7HKYr62kRFpikoQB,3
HQXVYGMzHqNmdov5NKHXmZhc95UTuFFM3iSNL26seSCR,7
f5sgJZYkTN2AX9Sgr9Jj3Yt2Gmwh9dgEFz8uRkDjyqh,3
2PK3aKJfNVqVtjKWitNCwVCANYpDGnWbpTafZz5UDbn3,3
8RBYhetLKzr9ju9H2wDJ9W77dbCZXCPTKTK6KGfMv86n,1
FeGZuNMh8AQJ9YYH3v7UnKyfSHQj1p2SPFZojnCWv1dL,1
7DqLe7S4do8FQf1WeYa7EnpC2XH23i1gXErVvFEw1rwt,1
GUN8p8QDqQzXapn1WmJRL8kM99cZyWWa53G7z3AArsNs,1
FQ8boxwQ5UaomXjnbRSUe43R1TDcaSvx5XfKTz9ZwMcx,1
AdHeAMR6UUWGUMVp1NY7cZkMepYoZvrZhFnS5K8qFbbh,1
H8dBXfjfFt4LzmmxWcu99SyTX8f6qemjwyhKi3V8YCvV,5
857apbEvtm4pSuB5hA3nkyeLCfEFkaXsp1cvvLPgFnTW,1
BBVfmajNTPqzuUTZHi1TaC9A86ANFWUBs2WTuapGutC,3
F9L6h6KQrtRHQcwfpTvo3WXT8v8GSEx42NDFznucchLK,3
5o8BSwjbPAZztbzDxfvM7ayC7p8c84Bmr3tRacY3HSqR,2
5f3NmcrnpCWta3aQmVQLrWX8R8h2r687QuA6JnNU9upn,2
FgSXCa6riezn9MTgcLvMUt87zUDJBSmjeNFLnX1Gba8p,3
9dvnzjnqs9BPniaCoTBwib4Tn1LP5DM3D6zNR9GbuTGQ,1
BxC3EYm7WKSxc4bMgqvnyoL8T6LQM2Gny8wbUworQTzu,1
5EEDa4zebyhggFNSpNtJgVKh2xUgNb9WNscqYsBsQh6S,1
45mbWfznuTbdynvwzqGaKZvp7EPxFmRmmkJeVbqcaY11,1
ENSzcgf9xmFkw2nm9eJZJheAbzv6iWgqqUFo7gcX6YHo,2
Bixazvvt9XcZzKTFcfaG5KMeFRyZX2PsmwKdxf2hyQES,1
JDUgZFqjhUHQWrsmCGnTqbHxkgEu8zD8dnhEhRffWLA,5
CZ8Sp6HLadL9PDfym5bvbS4AtgxjeLj7ZmZrBG4o5S1B,1
BWD4xrz9qfUyANaENvstuKmoMdXHpej58oVdMYQGSMU7,1
GY6u5yhWfJgtCA2zTPcmhjUTGXGzFJPqf2zXrzMCUQ8F,2
CaBujai2w9F5wX5TE6seEZfoSxWpk5HWdzF2NPJdLK5m,1
GALMthWUA1yfWgR6gPpvdVSPB22XvrksZR6qtEhbREfA,2
9ngZqaNSyRVRrUavEHFTFzmZqfMd3K2amtxd6djik7A8,1
3S5XGtGF86yfoWbUbSQHugYvLSGsjPAY4wAWXdebhDXX,5
5s5t1u7NvEqy6QXGA9b3dMftnW9kQFcer9V5R5GMF9y8,1
78RqjjpytPqf94zS1BQe9Q81K2YEnD2ZxTXUnfru81iy,3
EuuwJPomsZn9pH8ErE8JFZhAdgimgMNz33skuBm85qvY,3
3Fkv3yotRqVAa4Zkw6K5TApXz9B86VGJCQmVrhU8bEdV,1
8TFJ8bu1PnPUJ9bK6ckndvNvAv3GtZ2uzcv2oB7ysbu1,1
D2jVusowxzPFxzDJKWNYvJdxcHezHTxgXDp8oZzWWLfE,1
2VLo9yFjtz1765t1vXu8qKY8QfgNKzxzxW9jiPvrzAvQ,1
Y9g15CgYUmMZNao9SLESuQkstHdhttZubx49gcYnFkn,1
2wDzHcqt9XqhqPtGGDn9Am4LsETkJhAu5WTUeHn6eSSV,2
7AaXusLHH7SEHNYJ2Xg8TXBj51qwQKmoxAAdd52Gx8T4,1
3pHkYFx7YTNm5dEjcdNWTDUAYPPVJVoSFeb6a52oPXMu,1
GEHoyuH7DbirqUw6BnL5pDAD4rEXKAHWrBPvkS1MPHJQ,1
Bu93P5oiH4rZyN9MBX2f6uXfgM34xUoRorF57nCGG3aH,2
HJUqcejV9VgAKSQiq645wWQFQNjZKTLGEJSgWuF9p5Zy,3
93svCtsXFJTgsbkJroCfW9Q1VrzmUQLdqeDbVATzquX1,1
5iaDcEzEHJFUiPUXkJ8NL25ZeTUptNtnbuUV49M45upN,1
FpGaFzRRg5mxFvYeAvTdteSmj4rnDGXTWpGYgj4mnYN6,1
GkomFGDeuPkCUG9KZmaGnkDd9mNJwmo9jNfq6DFoBskE,1
G3oLV8oCatbVgbTJB88wmUqTkr8x8fe9f3HMXascf65X,2
9zunzr9ddHRnkHWBCWDGAXK3BjmXZLwdb4q5CfDH7BoU,2
D1xyTj5f1nfeYsu4TzuhACcvmhPrmvFhXRm8FTWDf3i1,1
CJmkXro7WfCAyHcxwqf9ULtiDsVuynF7Pys5M9QmYq6S,12
36FZF1WMkqe9epLwjcfeftch5RrJSH3KKY8hiuMjBj8T,2
8cE9CHNYcSveisSRvWZdc51PXa9CXLpkfYfiQeLBWrvP,1
AMJmzMqvQ8GWt7nBgBeNY39yh7RhRH3K1kzbpivKsrEn,1
CaQiqcoVBYn5rVBgEEF1cmE4QQyBx9tR1UdVu9DVidkP,2
81qQWoRuovijFZC6wKENt6aWpffGeAbFoBpEqgVUsYmk,1
CgQsv3KFviizdxAnJ1X8DRfHMUhJBYEbStRH9gSbJomQ,1
EJWoXBmGKtqehjMSc6HKgtG7DCQqSRG2R4uG7GTqjuyW,1
F4AdRpTCgeQLiGj2Dw3HDiJNriatna8Qk3e8A8q8VS9u,3
AwSXfZuCgd2B9upr2kqbdU7JsUGXcDtmBogj6VMVezNR,2
GrFp7bP4E1gbfMGACBXZNU74p43QvyKQqck47D3Hk47K,1
53DX4gSC93NdP9CPYrHA1m3zN2vhETLTBEAEEfeYPL6c,1
HZcMxPZeY9dZ7LVkm2UVDN7MxRTrPCW9N94qGNwLwnpn,1
7x2SjYxg8JJpC9XFoMAC8CHJdU1Rdtmvt6gUbQZT4GbS,1
4ubPsZMsFcq1WJzBBqh54iGNgMEUVVc5B3aovzPhQcAY,2
2aW855ZE2MAfaszBbZWKNsAJ3q6EkCcSUXtmy6NjpoTA,1
5vZhCktqsjCFrHUvvTNWCbB7dUVVg3ovrgjWU3Ujg8wA,2
CQ3WFeK13nyiETFCuS5KEqZ5UFm2Wbo5MCCsbw1enpi,1
CEJkxfAMDdCZu3Ei6fgFXRjzfGSBV6YQ5FK2ev7TywFw,3
BRneNDE8G3U48vzbZz8nqWsmbj1gaPYrt8q5fzWGfDsg,3
BtrYyM2kbAcbVPKybg9fih1voxSxEFGouao81b3FeJYA,2
Bzgfd6V7QKxHBgFdAhEp2q3hQsPqjbVAY5YCfJv1BPMM,2
CkWtVMmQYU2J6AWVhtwXnN9FbyUWta2fPfc8xfMWUtJR,1
Gkm6GZ3eH3MoqbncHrVnDC5QyT5GkixPyrR2CCzAhNKN,2
BoAqsV7fYNa6GVyyqGjVrpJJ4T4wgoMhaV4vHxLBSvZH,1
6PdkWCAGbHiWsVfM2md1Z8RiU25NLBwgiwU7MnDL7pTv,2
7Am1qdTrum8xYeJBZivwXwCG4dDtic5iWk7hLinmfses,1
2t4RKpdLxcadTaZ6NUsttEWfjXiqUV2Km9qt4J2GYJfZ,1
DFckHTSyvpdvApWGQfj5jpZU7mpLWarBAKJEJVVftm9V,1
2LYseAk3W23cNW6g2qZ6wsfrjdS2AQ7zeRJTpiEYnCG7,1
5QiBAE458tJgT1GMutkzUayGUpDPZ7yCxDDqjRnMQyAH,2
D3UZLsrJPiNAxkXhfVP1KtPY3f1CDvDp9UCjw1uJFkmA,1
Aj1ZXyd4gK3M4iTvYVCNebRq7Kwr4kouvHgxvJiafaQ,1
GadrUMEEnK8sw2HvpdbgHNt2ZZxh3GVmWUxYSndTWgkP,1
GnBxxBuxrBMqbthvAYPiz8m8KvS6huoynA5fPi1S33kQ,3
BoWtERPCV4VgLiRy2UCV89K8EKsZfvh449nrvrgLTAoR,3
HWHQM1B6DBUeEcyi4Fun7bR69uyWn1y8EifJvR9jACBT,1
53T2dhZqaZDbWgMhbixKeMBbKP6RsrsCeZ9QNHCv4i7k,1
DRe2ZNB87pvoEW6ASpPuPvCGRXdeqXX24j5v7m535mo3,1
95iR3EfYnWmuTtUWXQ8C7D6nRYbdXdVgNLsjtWN1By54,1
DLCYBGFqhGSDULAZnqd7CuS6Jjn8BxrZNeveKWXXhQ56,2
DKDcSadLaZvGzbxXyNCkUoEbbzbxGKBXEPucfVwALmGc,2
8DLLtjFU22359LbJCaAtUEUkHRQYFtmgBGydjyWWj12m,3
GY9vWAoJiLPhBVYxY7qAYsjyzzCumHy8sQ3FeVAfDcaw,2
6SoBuvdiuU6rMjvLbky5CXbMQLRUvGQEvZx2n7SaEdyY,1
6J81KgSBU1WeURtGk8rGfAfcMzmuinG6xrkns7pgTPxr,2
4qNxA9HgeuNpZK1aLYqPsGRrY4fWKV6bALManZnm6xer,1
6cptBVvc4zWpfj7vfcwcpufKwXnpFnW3VhEEL7t4tGAL,13
HzJTj63hNivTYkPYCRjkBgZHRtycTs6wywHf1hkoF2ry,1
9FFKsHorP8Eo4r87sW5Z3M3KiyfeVJwCJQbhZ96WpyY3,3
FRnBnF2QzDz94RD1RLYNoKMwMTM6GTbs13YnZABi7uWx,1
7jqKdtfnATy4HSjrdC7xFeb1P4jiJEm9AF4yD9xnz3SW,2
92L9fAPLadQndXDjD1tKRYekT5dmQBo3XZg7FjxqE6Hm,2
Bv7iFay89dp1UuHmYtuxfDknwXBLQ79RnM2aDE2AKFxE,1
CoZgvw3e38YAdhVy5SKdEFHVPgfUWoUsB6QHWxrYJeQP,2
DFBuruLtkVQ6zcZ4iEk4jpqEYuvF1pU5ruMpw5mh58sB,8
B3PQiMUrorq5VyFxHeK8GSNoMtD64x5ZyBKfTU2ZR2T2,1
5ayB8pSe6yxAqB7bHcrmyepr9BeBpLFuQUyA4qAF5Squ,2
3eZ4VV9PCqqmguqdC6vadf2f5LobsFWXb6zDRPc7QVR6,1
5TsU8ocaViSfSsnpeuFT3gTCmnc5QfvyYViAaQxX89TX,1
7A9ofccc7aVPB8qdp7WCovVZTQDRYYiwzYWU5SQqTtRQ,1
HFCTqKck2UnezmBaiZK2BraVG79JR9DvYR7hBaYpAJwb,2
GTy35RwjSzuxKXBPrYgebLw4RXtkpW7zKGGWacuhAsnA,1
28R8ZDsNHceQasquBaBKt8jX4SSPmVFtGPZ3mLzNNRxc,2
2Lg9NRwdhBXnTuwUfk9oaUqp7mJZbFbzyBY5tsXGpTZs,2
HEAaBzfH8YCSVC7jKU1skEkfHQQrC3YoSLairfaeigSn,3
EBi1RF2oFCVsgBmEnAPp1D2DMpm4RngK68SCkqUmw8bG,4
67pUPD8ggjHjGiMEEkiKmQmt4HRTL2eZDjorAQmnMPCt,2
2zT2KGWJa85fr4GJc6bwxzMzBqZTHNEesm1x8L2rRb5Q,2
HbiQozJSpAT5mdDkEtU654kmsQyUHwyzRaMWbWfdpoD6,2
3L1X7CaX6evwYKZGEjwqj49HrDhmPUcp1pwzzam7ACVT,1
ExdYMJX43NxE56HEpzz8ZgvZFiL4pXAchbrQdDhHL3rQ,1
L88CcCsbZU1xcXeBFW7mojTRZHjKPHqMs3ybwEfRbVD,2
4SwAru5ce2KCo4EjVnoWviDt1yC68bFkWuhD5uhcVSp8,1
ihMPdoxLbdGBBVMh3Fn7X94YZ1bMCq3ZDMCnY29Ss4c,1
99mfF7NLkipmgeo8t1YrtFP1U8L72qnbhs82ieoLbCjo,1
5pVCpxfnHxz5LnrRUDJrrxUBdyr6eNcq2gdzEsHYZKff,1
GKhVh9FPLuNk9HLiAtJ9X6xjGrdu2cQPuijAGuyYbDqs,1
EBAdDorMbmagyerSFQroaWgrgVeNMbsZ26pZAft7TC8,1
2UFTQzqBWMwMeQvDBesnyBWHCyx7jkvAw2agpdHdPLZN,3
DdC2fVmRFigV7JC8KpxBXkNMTD4pwyx5mtiMCC8vKWRr,2
A949K5LRCzYccmzZT4LBT37P3cueGV8f2rd4deVGWZQs,1
5ryxn1VAsX1vrbU6gGnFyfZNvzVZQprapQWsdXqq28Ze,5
5zPMiQBevnCPhpcwMHFGwdsQuuaFTzE3AZWAniCbNPXF,1
49wTveYezYS8AFvd93KXuSP4eVmvh9ZwiHp23Lj9TWM1,2
2LH4Q2PQBKxCkZHuenCWcpdpSKeosdoVeYpjp7S5mctz,1
AV9rJs72D3DtRWnsfUcRVBVtJvxvFQjDgwPxc2wgkTc6,1
GpBPoXesBCBR8uncAPE2mtQdqi4RZ2thLKUBEGUxLmDv,1
Fym7jL6koKZurxv5CV78NtpQArjuYwfquqdBWt9TsvJu,3
AQxnc8M5eTBLAxydvnPVfnW6qPDrPuP8tpPqgei9strG,2
68XHxxAB6dLzzaMk8aqc1TjHS7xojWtr6c1vPUA9SLSh,1
DPUg62XNofN46jPVG1bzAt1TrUxrGZLoEyAtXnZsgXya,1
4ZhTN1iMPr9sQTaFkiZ35xmmmwKRMTbzNqeXR2xQDogD,3
GWa12nmMsRdXnhatkBAYZLBYVLNZohAkN17wrSZyn72V,1
43Xm7PLam7DzHub15xxke3xKcyjkfRCvLsUUjpem6Mdx,2
3CSzrT7ZAttiNPoV6xgQeauBAP8xXYdLCyye1EXHhQnY,3
3RiX451syWwdkgPczeKGrsMteThtHBNbCRUki3dLLuqX,1
ChboHWjHiduYL3J8HgeWpgJN7GrByDEk79UrVKUN1GX,1
AmCfyg2v8mw2c4WDgbbtfATrkVXiTDKcHXimJSSS8JkB,1
5NLomd8YEU2fgbuvdFrRYS5MhsZqh4rQCgyHJJ29EYTH,2
GY9QG8tdY6y87qhbwc19kFwbsuJj9gBj37WAzob5q5FH,1
DP3y52Zg3iJczuM6siPoVyjb7qYQd5obJeNpAcDnQ9E6,1
2ntsx3BMnyp6j1C4P1YZSxENURmFqrZssNz9dGUSVQKa,5
3iWTLSCNErWQn2RE7cf4okwrpK8wTC1szgeMNbNk98Jb,1
kaXUThF9qWrj4ppk4pmgTynzGgGcJEkFEhvoB4Y9N8V,1
FQSCBF2vgLhii9mNWqS3UdnGS69mFH7qbfeQvaBP9hDb,2
D9LbkuK5eA9T8qFnyjbvBkyF2eMRgcWpkDjwsjQF1WaD,1
AiNfopoQgsJ2rGWGL486JxdQQnLkHt4hGQF8jMAJw7Sw,1
CsUtMqm6mw6cAzmzTV8Jzfq7HQd9EsJtfWQ7a8uXdpS2,2
DJppwr1tdiV1yqE9b7e31vVikr7BXi8rvVWQDbgmY4yc,3
fs16PitoCTufN3DLZMduCByTNRmmXRT9zaCrsEDFfzi,1
9S1qvMERmuPHuPooKHUmBsMkZnPn8uf4KHiPHf5WvnM3,2
B54JPTeCFbMwZBdwmvA9DCckq1ND5WXNXL4RqPhCSoZw,1
9SVRqdheCn5x5GncSQJtvaWQ6iCTEm2P4Urv5nUd4Ao4,2
6NgLxVfi37dy54CHrCKszsSRpJ7YABuZhfJYqFofLkne,2
FRURkrX8j5bXYhWng1HzkuFD5ihiGJD78mr6uczhq5cV,1
24Ds7b3DpMxg26owuxgBHNecHPFpGeSbpmKPp15E16WM,2
FjjRHoX9qyGexCXfmQjnbPVzy8aaDhQiELAv2D2UgUor,1
611eCDMtvZzsSgRjivWPURupCK42tvmqVpfBpvQHgMUG,1
Ghzacsg9mN1Rwq4AgbLuHmsmjShF7PLwaKeDbKW93HvR,1
7M8eCo3kzVSS2bGjRkihBadVMBMYosrSPWYmJpXPapWQ,1
HEJQ6CXSJd2WnSuyPjbhWLqsFkPL2QCJHvrCzkYDSXdb,2
At71MQyFcgNPCVSUFzLzizCK9Q1BeJd1cqajUb78FroX,1
CNHLacxfM5ynoFtxk77QQft2GxRbMao8jXwiwQfJM73x,2
D4FsQXcnJrGSKZuoJudnYNNHQajhARTALEsJ2C6fP3E9,2
61io8kt62njudrp29pY8LCsQeVaBfYFgxDWbJ8uoD1eM,1
9JH9h4b2qrGhDgrQzsYMTesqeTUhXCT6UkGrknTQY8Eh,3
6gkuwsWKqEVgkgVCNLf5tTvKvhR4B2UyE15CwyAyhe1C,2
6w9WGbe3LFDxYkKYYhpJxF5nhg2nEBMa3Pg7RHzWZKHd,1
BofVsgJWKJaoPj5eGNJLREmB4gQDur7r49iQT3EdsT6s,1
6reFzDxbqtRLEHs4nJjtRPanHhA6EHgFyny6PTr3YAqH,1
GU3ezpXCaz7fWs3YrYVLXDrVFf3sMsUNQwu5TKVRxDSm,1
53sSqXemCBzrVCd7V5bLPPWNaHppDHe5Lo2u6TKzGjtJ,2
DrctKTeG1aDRiPBVAwS6v9CFnnSxmnJsyEiDtmGddhWy,1
DDNkRmnkMKd1KcEnARhUdVqsfvbXgNHADYMtsZvxJLiT,2
D2dYwx3wDT7EnfuSvJL8J3Fm2kYUVHEz6ES4jgT63Rt3,2
8KEJX61oc7uWtk5uPEWGVfi3pNCvNXbqqDkMRrMABako,1
5Hcon91CqL7DTwDrKgRt4xfvhpnhbxAHQX3c3mByHQSF,1
EYvPkwXdUUsF9xUbKAA53Gt2q4W4ktXPXcXdfCBFbDSM,2
cjKbufZu3vNxyRQinop8xMbGASqJV2q241wMC6HqPFB,1
9rr2SCp3ippcU4qbFEV7Td686powebW73kjW8N643S5c,2
BBYP9VZfSD4CujMzTKLX7XrXyZ25uDFyTTuGTdjMzfSW,1
GZYBFiEhRAUWySVfZkMBsFtfEcEHgAbGRndkwftzSpPa,2
9mqYXGxpmpuiHP88NmFmryAHxBUV4mNoG4Q4CSKJZxHn,2
6966pSWuvCjbGkzkLsti4zUn8TqdYo9P1PHLnws7tkBf,1
5tFEoK8A4t6EYfREu3w8acvB23tYP4pYN1NkGwA7HgLG,2
EYgQuwY1jrdSfTjps3fPfTgeNtCT3Wwf72bENQNMx9vX,1
CZJpt3KuancYRheRm9C4rFcQavGAe2JzVm5TbSc3yeKB,2
4dZBuyvoeZ4JQmjD7r253GW4z3Chsr2p4inXeZwgPVtd,4
FhaNqQN9WSd2EpN3EZ3j9QKqsoi4nBPJbmaNjpPTXDpg,2
PMEaYFZi3byJ5aBas4R9MBZUMe7iWwWg3VTtQ6SMLi2,2
HGCA63GLV9o1SR7Bfjo3dUmUbttoEadBhU4cNXmekezR,3
3pTDxxvuaiMyntvmuLFuFMXBgHGnJVAv6XDA8wnkVtWN,1
H2ztStfKdkgrneJXQ8iTyMjNqt3i9sBxUJm9XXeTUg3H,1
A32pXQdetWKtjBtfJizLso9u7hafGuD1qJpr4fXbZFjD,1
9thGzyCByJzCHsxEuUr4bVYjzp65n31MoZpNr5KQtM5c,3
3GV6XpU6zuu3EzByqp7V3arFGA494tyokT1EjWXepmnU,2
DXosfrNVBLtWHdK4qdkHx6VciQmvdi2n1qfMUJBUiqYU,2
FoGAGvDtTAqdrMftfMEwgroXpZMaQQsYXAkndBBjg6m3,2
DUtZYjdG2roB8gpdJ3vEPcH7rwbL9SRmC2EXCbbH4KLM,2
BUENSK3juB67Pk9BKLYQh2yqHpf3mFmRotRWzFrTvJbm,1
3JTMNgKW7RGNwggcLLa4Rq1xKZkHDChgip57EMgwEw1K,1
GgsUVDRKSM2j1URib5mG19tU8hca2QTZcaooAr4fYQHh,1
C5xyJdwHYyGeRX7goX6HNrcvyfofeEbe4M6kXfEyuorn,3
GmHf5jMndreZ2PgDnfNiXG8QMZBT8MAJtFwnTCjaVjRK,1
FDVQtdZxpcgMvDEn19JiyBM2g4M4uW7gqFn9qJsb8Zao,1
8rjBZep7iTKBec3fHXh3KaK47gmujbvGQzVqZ18TeS5W,1
D1bqoVArFXEn5q2xiqLTKH2LXePdFEiyrfzpfQ62w18S,2
AVVmfjjN56qjbakH2zHE6UrJxESRpmvskoEXDeBsXiKY,1
GN67R657SW13ibLMNkYvW7TZ5RJ6akfUACk5Jt6vPesA,5
8J2TZMfAWqrtszMRzwqJsSDob73KsYhMw1eWBWiPQr7T,1
F3s5Rki8ZQJHN7BkcS1d2XScn7jmXrSp6qocQpX3RfBo,2
BACJ68NuawFRuMbg5d4ooeSwoXZrHUeif88ocw7tBM5P,1
5McDd6B8ffHvkGQUcimvGyGTmmJxcyHRLd4TFhChnzU1,1
3xnBrDYko92Pj531G5FRtGVD5EAhpV5Dsj8zX2tuowN3,2
47NpitaHXpHCF1Ru7w2YCuNaQhC3cbVVPC9wWMSHCbJw,2
HTExYdxritte9yZd1CYn2xksmeK84JMYmGeZwjzKwAQJ,1
4snrRpJhsHSYmJDLj1bmUiCeivhRMCHgkHH76EW78om5,2
9GyMzR6M8j1nUCaKGiLenzN6iSGeM9Ge68Sh8XyUp2sY,2
C1G9E2h2uLjnZNM1FVFm5SdxCWnGZ2RjidktRA16FJas,1
FhgPPxr7eFouJWdVFYjBS1iQWqXotRhCmSteeC1iBt52,2
NqkN1Z7iT2NLQgVrKgxhgKJ4CdEGHuDjmsmixnG1vDg,1
9Th77jPLZayUavQeJ66eHGmD6t5AWsAgUVCR2cRXfaFC,8
WZvgSY4JX8dPy6udZZfgUxkQv3wbo3fwSgvTLMmefnC,1
6AMM3Fug5wdofziufwAkF63LP2GfkoaqsKKeiEtMqtW5,2
DWo2kbTM36348CFHGFg9QDeDzp3HMRTdff5xN21NS2jD,8
4AtNt84JunsrTnpTkcsTzqEE7AyMsLmsPEUhits4mezv,2
ALVSeVTkEQEevB5Rr8rtqiPcxpBRdSAr9JaSddw2YeqR,1
A6xVeX22jAcecd1f7ZFztAbjrYcb59HBkZXLiXfWy6PG,1
6kZUFXLoNwDARuFkrHGqW18SdSwnkZEL3zoZ4thGuLgD,1
wg8wQk58tXpTxf5c7h5gvwkvG1jmiR9MqX9mTXJrFHh,1
6vxtECSd17JUM7ybX6Eb88oGVDxh9hyqsJPXWNJ4bFLf,2
vH8DkvEVvGmk7dzK775JmZeniHrEFMDk9EYzdyunkqx,1
9FL5bfjmtvEbkDNrBMqanuCspwWRYVnVQuxgRWnLvLtV,2
btLAh7CWB8dH9Lw3DqoS7dS9MygmMFvYEME5XxtQVKQ,1
9b1yRkmFCkCAbVtUWMFs9LsttGy9CpV5pTrHqMZ3G2rW,1
CobApCb2LQscXVhrDLc8DacdkYgJhBtzACHcYbNwfBUV,1
8HDv47gkYALHpj7uuYkbhWkuYfnZ1ADkXbAkYvwczSCt,1
5yKXQSAmFu3x1MifbnPYDKEAgQEFq9m9Kzhbu5uJzXYi,1
7AjGEDr4Nvs2TwFQTV1quLN7HqRFr8SSB6gukp57Edk,2
99nXgJFFqfgAu6wcRvqMRBZEJ6T3eX2TN8jmUHRHHBqJ,1
HPJWRZUjJpKmsyn4gJGUdSuui73h3WjxiXELF7QExZD9,2
95LWJvJMTkVyWxHisfGhn2QTNj5CYTodZgUQ74QNinGn,2
5BHfQ6gQkDMwNjMNZ6j3x1gUai6rNN1vYRBfw8BQrVfT,2
AZeJjEfLVjhmjAjmbgXp1hSznzuvPnJJGoJznjNNLeqc,2
51nQCMnvKvZE7EUoPL52mC2YSv7bSdb92eePG9sCJBGQ,2
2pGMf9k8bvQ3msxikzx6bhfgL7siuqWz5HaDuw7HXnP3,5
8nEG68LEJubBUcnYUzuNJGcu7eXpLoufomnHEWTqYbxX,1
4TcwBuMLVCruaeHnroovueW3wJbWZP9VaEojfTtvsFpT,1
DP3oEjTaBu31irt6zKuaSx83ahVVD9kNxuSaCkSnXrc5,1
HQkEBTdJtN7PjA9d7KEE2rfdGcHvZxePn8nMRiBGKS34,1
FmkXkxJW83V64kwMda73jfQs9RJZeUzdJZb98u1YGjfD,1
DWoyZnTSpEACKYsMj7zT9bdBruyP4SBEMPjLbFT5yEhQ,2
3brHWsTyzJZsj44C4imvev9Y7EUv55oRLZ6QLrXvfVB1,1
YNDhJR8oYHnUsSRJgpxghBnmGttzGe98JWrv5DRg4co,2
2Vv6bR2L5vTwuweYzNYX7SpMkVFnQu13jR9FVf3KmSQq,2
4HH5ytz4jXAPHM51dqURHrc45eU3GBGyyT6jFPBw513k,1
5Q4SzUozH1Bsyv7KiWG7PFPNS95L5jds3VHSGG9B9kMy,1
3RiSScAB9fbPQdkGBjcG1cqkR43mZvDqQJQ7LvWyMnU2,1
5TrmWTKmjNYP989qHxAvJRhtmG3gKhArZhsbHdvfcLs,1
BHJKCFkx3UeznP718UgCJG9GgEXgVTomziiNxPGUUv4U,2
ExFPzmhVLwMeRqcsc7xbui7quEdSVvf9yRpTXkJaTMBU,1
EfRC3ng6jfqPJsBHQwk3jvqJUG8BdKBjeYNdjBfSuBnJ,2
8FJxH7TmJrPHMqnTTvgPd9qozwSX23A5TB1ivn4LVpf4,3
Ein28FYxSeaaz2qTrGcPKnaWuXEpfkSukr95mdN4fzWU,2
8Jounio1ysqHti3MqupzgwPCzKndupUBb3sPief7vooG,2
6uPxhvZin4vWMWgDuUCzhdeYsz5QT4zTV9DPB2YVY5L4,2
3Z145f9Wvr9JdGseQGcCftZgVbSB7sAGBSPULBDhxnMV,1
DAEs7vXpdLdYjQ7t9VtRssEwQDDiTdPtmBaVnpGdsFkB,1
GNRRWS5zCFcyG6DCmXrupTZ9VNVJHsE5Sx3nNgNdJNJY,2
C1RvdDxBEGQecntxWtieCESvPBupNnmiSVnEc9ZgE3am,1
EmLj24LUJwyWtgbsp7LwWL6xEeu2Hph5eWR5PuEuPAaA,1
8s4yBZdaikdbwJA3SSXGWDC8vACwghXSRArfFFwfBm6,1
CSKTbggYPKFqPgiJhJ85qGBZ7zptzUCcXxceLL3myfQP,2
8ecmTvT5HQ35Aq9rai9aNBysHu9zZXjDg94qGriD9qkx,1
6p99wNL7nhRhLgR5L5BC3rNT3WSkKpH26TBVmYPvKeFa,2
5uph7iDS8YyUGJ3n3NhDcFuCXt3eL8e7gQZ1tqhXU5SL,1
2oELEk3uKSpwcbgwKvw4PPGkDnTe6PEBLKDERpaNqq24,1
7KB5yrG92h4kvthtePz6RYbpWwE9gJvBicHmNqypwiGN,5
A5r7QNULyBmx9KSqoeZZ7SDGNj8CcKkhgxKwcTu8BFTz,1
5et5uNZDP9FXZPGU4k34PWXDRj8HBDdxB8yY4f9zisQA,1
9QUAqDNTBs3eR3KektyiYq8d8nCRaWxoK9Y8nPY4dzpS,1
BUFv3Bw1ibgthuEbem6siGoNmMGwEReoWg557LGG3zvC,1
2jthGic7E5XEoWEXPUDmwhTdbGHX6FFUs3ZsxhvDrXzm,1
77soQKPp4vpNQTdZaDSeqHHqi8rWZfp43t6QezJLR3JD,2
E255ZizF5cESdxsEMsHJhyEgJ7yUbhHsKaXRshbin27L,1
35Bj1xPKfCFYhGkc8GUbfneaSmL3CtcMsLyMtkudEsFR,1
2ptF8sr1Ve2sS2VBTQYBngZdD8CHgWCN1NmHuRRMw7cw,1
mWWsoNqDCTZLAohpxbH4hkbuvhLTPJWpTY7UNju9M2V,1
9vJUzv3PxcvvRCvBST5DmNUXGvsnPay3Ridx8bWLUbVi,2
FrNpnAEFe26JeKFndMh3HW3vKq6UAkk5f3h7pJuzg8ZZ,1
6MW2Rt2E8fYkw2eevTk63Hht4iBKRYnd7uKBLovtjefm,3
4zL91hSZXmtpocZFi45J3ZUcdAcHfRtuCz7yMhS9uEzW,3
RTp26f9wY2fXxeWRE7FkS9iVrsuxgdUJfDYH8GgoBH9,1
2boFAfkB46ijUhizoAQu4d8BexikScki1vFtVEVnKsXy,7
HaFHzUuUMUGhmSAKJmt9bKX2Mw3BBNXvXduEc5z84cAk,1
7kmTGrNvftNWshorrredVw8UmFu8ijcTsGQz5t6mXhz6,2
EaEfbpdVDX79mRfDtjPouoXn4weTnpUzme9vPuxbFkYn,2
FJeMJ8nuCz1ZZo6HuzGEAJz74Qq61eqDWsXYyb7hpP4B,1
2yxk587jzpLymzmfsJg3TMRmSNrcXYTDqbDU3L6oU2vo,2
CSomvMtKRK8iuaRTLsQSQyHajRqWX8ARz2mAnzwvxigL,1
G3zdHEHxj78vVkfw4pcFt6wjKpkhU6fAJ2EXWh9VDS5S,1
H1iMNhqwTbiq2ygkrDRVjBRZYf17ZhPqu3R6Z24XdeAv,1
Fu2LENhxQVTpwUkLLw4PtM4yg1h771mbCqAPQ9BH1zcB,1
CgcGgTuRoHKxFXHZUgDRrw5fFMAHo33wzGxtB6hmf2nR,1
DT2AR2DF2NUrgKg49jvGuuucDhyzN7MoTFThgtA4aUuX,1
bB4YVqo3bocH3S5ko88pMJ5HYmoYMAwTuDaAjqPYq9H,2
DajerbEDKtxTNdB1Cfv8rcZ8UtYw4roTbohaXPi29ME3,1
9Q87hXy6GYwNQrrwobaCTsnVUdfbQ6zLeYULYdJUitgb,2
5nS3UPZQRLM1ZH9ETyk77onw5mFSZNGDqzkFakBCLj3f,1
4v8ekfAYkne9Bka3t3vtJ1oTGx2vP93bWjjwYmDiFmye,1
441jgbE3X2QB9tqP9JantZn4EbeYY6gr66ry11iVGJC6,1
F8VWj5MRSj6LZNhNZMxLcaCcn16RtFPWRJEaPjt5d85m,1
Cr545NThz8GVy8vnN6cyaR79sAHTzK4dDZvdS2iM9gBB,1
FLQr7MaobSUnZiRDMLKZ9bTA7KjD3Dfnwfe79yJf9H4E,2
GxLbr8WeH3f7CtsLFKc8YZpTQDXSt4ZR7Y1UxcmEgAEw,2
8NAXLwBHHSoL2QRfeXirawUb6An3DCLfqf4ewCsyKCYG,3
8jgkmNkC3ND9PVyoijFEKjaiTYi5CXWxVGeDq39N98oG,1
5iqjN6PCTyiXQNLDnJDVy8U6kG4dMUxa3Rj3Xoh3RHHx,1
3vcibuwBaaQ7Vg5yrzkQ9ogugGQYSmV9P4VAMyLjPF2m,2
HHEF21m29WBgBSTHiYFYWGtBNuGb8yphUt2s8HLSbShb,1
CLw6Hbni8FXKevVkSYK5k56ZYCf68yDB6QMDKhNh7RSv,1
8qr9ip1Wmn2N3gjzkxgLzUEaEAZX2AGFT5WkfhiPVjKA,1
6mqAnP8RbeiGeh5qShjTjoUpfYJKpuqm2c2eCDrfyNAK,2
7UeAvou9wpTZrcvVYMoWz9Wh2iBQwfhEUsfjFk8koKPm,1
9FoeaEj2rLfPAZyPLMQeZewNAdQjDy9wTtoqPQLXmBp6,2
BmCtrycovwPopggSkh78bH9N1tkt12VQtXYLczZBoSMM,1
CNFn81LHY7NNDP17KvfspGdubWvtJPysWbd6UYWoeQ8r,1
9gVDpi2W9m6byScvXLFXnuzZCuHHSruMQqkDQtDThpCU,5
4i2HiWiWbH8JCXyMePtHyKTR667AFLqnfBq6hrRxVfTs,1
CeVU2LbxT3BsZxZi393k5SMJ3jKJvFXD7yMYsJV3oosS,2
6oKQGQw9Evag2fHeXtgWqHXGVvTazjykKhVhiXaUzPYU,1
FVs1fxyUxdQKW7LzZ2SbNGBzwHmbrm3TkAjPAWddy4YX,1
3imtPCBVrjg5aRL5DLLfM6h5v2RjBqNnFtBbzVe75br9,1
799LFA1RHcE3vtarTwy3uKHDMBtnqr2RPF3sJCw7naTG,1
5cYUpy2QGJfrxaPiqDHFzEiYpBXbNcruHXdouavFFXxt,1
A8LrxJg7LMBh9YFKMpdFT4qhixxygmc4pE62HpZurJ3S,1
8RtNaQ639guxgupWqnJeY7bSQQz4gk4329QSHKEfknD8,1
81oorcGQi58c78wLbHqNGar48AUvUoMaHrvmKBu6avTM,1
DsF7X41TQDeTaxycepuQ545CVSSxZJj2aUKVCm8k2SHM,1
925QADqzmAxNJWakrVGt3Z3jDRwMZhCw2p6UKaLcTqg,1
spaxkvvazpDRzDMMPze12HJeg2Q5yY5y7jEtmxN7WXL,3
BsYoxGjwacFgdF8BCNLiKkTS9oPwW4xCQ5Utxgn4VLop,1
xvDGmFrXL5CCdo5Vr1fb4tUKfSqzUKgpPb3nrH2gzLW,2
3qANChsMMVaCgU7BJ6NdfjnavAThXhkhJoaFP29MG8Bx,1
C7RHEAE8d6KCjqkipVq3vmuKPDfSUqAD7z4qAqtRDtR,2
MUSHfNcWWrDggTGgCVMLqcmDpJCJzo88Fsdsa51q8Qz,2
3dWVwRrhfWYyKCzMnzVvgdVa7bx6zjmEd4PsV6ycM2dH,1
8SQQ7CBYswMJemEDvGvbsJ4i64S9Juaduwq677Nty2Qu,1
2GpmXprnvKWaxGVJodq4LC61evg1E92iY8TyNbmLYGTf,1
2uGZmqkNHvPyAoCKpS1PHgjWuiJQZQn9Nx9ws6BbhVMz,2
E3QTiKeGtbjGv5AYtotgDd6spheQqpxhzmCYufJNC8bP,1
DQxLjDh7kDjQhGLNB322D1EWizGASaHnVmK4pkJGJp2f,2
7Cy3VZxHkNVMWahfq5znfx74ftjLzAjbdmKVJXgL8xmQ,2
CAovPH2QdGQzZCJUAYz7R61342JRLsxFxRMxMBb8KUro,1
8yujNG1u8wqerR3w1VLA4g9iiHxxAXB4eS94gc9Xvi2J,3
AVSFyeDdaVRU2bNpoYZjNZUqtbT2tzTLkP4SRYNMqShu,1
FWEo8KgNKQYNit9vGEoFjWEWV1ssTziCyvYHGc29JAWp,1
956WH3Kk3EnwAcK3EKptkPHJcMnwNLQ168vtTKA3dNwx,2
Hz8faLyYBmfmzgvkaNTxTdThQGBVsR3PZfeUoZBtNySs,1
6Fqkb9UC4jsm95ekE7dMpNVJiVb7VMpCLWcHVxnpoVkL,2
AcYH2t7NggKD6Qo7v7FPEuaJ9DpzSJozaoFibYEPepaw,1
DuoHVLkUbhRMGu7iJanQMWFYapNH5zDahNYNb6UD7nqw,1
AKaJfz5XM2pS6geqiGqwqwBagY4faqA1TG7qqVdipCt1,3
BQaWpgPL9myAw43cagYiZcZEpjjR9CTkMmZqmsEeesPB,2
FsaqNxPR7RfoMCjny11MAsMnL5hoqWz7kURA8Hziw2dZ,1
7tAHHTTrhoDJCPk6jKeY5dKfozYriu9acG1FJmHS1Api,1
4sXQcdNDe7GMU1wvRp3KfnhKXt5coK5df8vuV7VrET6A,1
FWheoNrVPzm2WhZvrpSaEXJY8ANCYF2ywH3mHmkh3yZy,2
BcjL5DztuX3kE6GyGaCcuCAMC4uacANPPqMGRZom2HyZ,2
2FTBkiF8fptxMoeWMxBjvbwcv46Te24E4uPL92Qze6Fy,3
FD9VcMivtkwC9mgYgno3VfUCtYsa5VCQsbsvsRY56E6Z,1
2G8XKMU6juePyx5TrrE6NbPrXTaXp2Je3TBMsxU3QWzj,1
FNWogYWjBcxkYBeN6Hs1M7Rqo6HRFxiEWYzNS68LRCKX,1
Ly5bySywmxcULJo4ndyumc6gfAYBW4swuqVx8w3bUcc,1
ChJaUaPDNm9SyL16c3TFtzxfTaS1ziwDFDbsfjHd3D4T,1
7Zd7rBUJhLZfTE8EekpmFQRFnxuYKYmq8Kby4LEah7Wz,1
5ZA1dQK4wH3LNRfeRd93NB9VbiXRaE9TF5Xq1pJdBYpj,8
7iSG5y8f4DHtUEPLcgWQnJso99JRB51opyaRoH8qWZ8r,4
3ZyU2RdW1odNcU6u7k17S3REXqs51ukR2x9WnFetgYW5,2
B4WjvQieCH8q4RrWsuJ9NwmyxZ3Qj8oJ1qJDvs9E1uKM,2
5mqZ9egtqDQz48QvVYF1J89UFwBfKq2X4ECxtxyqiJEo,1
DtsuQQ7RFRYsGGQpPRvvJjaVb8zdiyfhakEDToym1oKe,1
HWY3VGuCij6uSPkaq68HpvEauavnjp9KjSMJGpUPLV4,1
2Wei1PznfCNeA25cLdtYN8S6kwE8zSzNdXwfK9AafaPJ,1
CziyfVPSSAuinHZEcCma1Zq5H5tH1uAZbpQzChrTPt27,1
9pPJqTssbRyzjXd3kGEVSHXv5wtmwgJADNbUPkeAdCXY,1
4FB8cEwhL3Ki85wS247dHx7jJaD73sAkv8QcX7gjzaMk,1
4FtQbdyqc4kqwrc1TNxsf4oBxsDj3oWgzV25pCUZyfjG,4
2s8zFPLBNSFR2Hp4oU92dhFZWqUGSc7avrB3Gny8TcRH,1
C6EXZKSGe2HBf9qGVC7eWZPJhEAurGctQ1A5HEhvauEo,1
F9zutCFA1sZ4gZTnfaiASpzCr5or5u5VuqKmRcW22GeE,1
AH7mYraveYqSmXUpaBER4uref75iTJCK9faSrvRuSh1g,1
3MCyHktkpUfF6CxCGcbTWgg6U9WaecqdajjaXUxkEJqt,2
4zB1qaatPwDgNxtT2xLYyoscZjzaFUhbXQgncN51mjxw,1
3yJorHYZ9G4NAyjz6JEXJUEVaikv8yir1U4SANhGJsfH,1
BAnoRGr1aJY3EhXuu4jGfVZnkzi4rCLSegem1UaoxPnB,2
BDPza8VW1qgCTv1vu6peAjrML3xZEqzCE1b7CuQxNyfZ,1
4LEQgXCB6BBhBRCoPYzH6sApkVkouXYmj6hHb5AtzZMZ,1
mbD9A5eHFj3kSNZUCyvaedDYMosXnWMvxucUejPspQp,1
2GtRjpK7doy9xk15iVVvgFidJz36rScG7J8iFRDssZn6,1
B8QK1z4PLnCGh9PoLDZtEqfGDN71Aybs9L2NTpLvUcBG,1
CMTZ37FCkim9X3rtWquusViUbKYBLCwJiM6DGfajGrXi,2
5GN1kMdmp96hFu4tYk6iS3JiXms26UswKhQNphGLm6gw,3
CcRGXZntj4qJwS9woxymDYtQoqXv43nV3PQjJmywNdJB,1
FR7nZ7CUpaFmCxycexJYRbSFz4jJLYPEfzuUCLWphSTG,5
AV55J7C4TLxWTc2aV21o6eiqvP2B42AKHCN9uez5j3eE,1
oVXLSgruefuua48x2EnUQMA4hatFXv4pCGdN2hgwGrh,1
CBwyjUboeozezfbUwGL3P1bZAHEUgjVwcaRoGor6m4UA,1
8hKpJpxbrXYUguf4SvofPtP4bbknXBFE95u7K5Lemta4,1
2Vm8geSRSnAKrzKxGuyqJKJSYPh2VJBjAyKnCd9edn8g,1
72KZXxL1YJb6QPC1ifKX6TmiAqtowUpx1exmhNyYrzR7,1
ZUUcxZPQkMGXyVpQVp3YUv275T7yDUjS65M9i1noJNx,4
EHZYUcnZG7nomaUpmHLAYW3XTNJME27j61WhXJdGqq2a,2
6apmNC3gsTxH3GuMsLp9ybcNLDFh4PG5VTKEpK7LFEN9,1
9yYCyfohDGMMpEjLJP6h22uB7adRm9tWKQBW49YGUCrx,1
CsKZ7fhyu2ESPbUWBezwBpyfxYZbQgoP3PohTKSPk7SU,1
4b8XXyL6bhY6v2FQF7c1RpnnW3F6HEcfwfstpQmHhai8,1
CsywdJRLzyF2kdP3B3CwcLg56Q2M6vsa5ACEYyUmKDeJ,1
ANtiFQdTrnJPP8MdG6GSNL1CZMrFG5xDjfDtw2LwZFaG,1
DokgQskrYDdCY8r2TAEUEmqonfpNnH6GR63oc4FzfXPw,3
CqRX5oC1CBKZorM5ZvHSwGY6shczcHKnENHpBqBfShDj,2
9W8sSSvxzPdGHQvLStWTJWbwp6Co42DtVVA9s4wVhSg9,4
9REnaq165gB93eu6hC5CLtthELjseLQsycMjUQd4Cwzq,1
94G6PA1GypL6ocAFqxCrznZ8vpcC4iThRHwGCkJyperS,1
F6sS9U4pux1Me2NKFYv5yMFtC87gHQ6GAqDGVAE2URtJ,2
8KD7x5cikJc8B95Nw99YCy7NY4N33pGqPLY6mfzgvGo5,1
DnbMMyVg1NyZmWqWfDzvgmtwkaSNFvwUDro8jUmHS52H,1
HV7acfQcK3mjZXFYG3hFFaruiSewYK3FoNtpFa45G7a1,2
CTe9kaDxyGimSE9ZnUabGmi1H3L2FeFCZgTXo1N3x9Zv,1
4GbzW8qjjjYKg1kHV5nge7Yb6QCR45PcGBVNhHHzVhnM,2
EwRtD2ExtfuHQb98h6kd4gNzJ5qgbLXeioWgd7mX31wy,1
5GFLab8y8JCtMqbLBXbDX1XBXPKCmromxdjCzg3x1nyC,1
Bbde3atcnThdx1Bpti36W22WtYWCEyUiA2wDLLt5dA2a,1
vqaLnVspfYL3X9X55jKb3W9iMMyagjagEn7i1LhfTzX,2
BSXVMPCYa9axoLCQtpgPcH2bQ7PPUxfByyjpjA3Ev6o8,1
ALEXabV9TJcuuRjoZoSDtdC6ncMdittUwCerebrXgLr3,1
7VjZbQWygGDMegr7PoUiS5LpFTMBPLB3sZtm8FfV2rHh,1
J6DzMfDZRDvRDigFxaNiD8UndovNBc1qD957RJsrS1r4,1
AKqTBz4Pz1HQYTWMhxBuLJ4MZCozQBunhRT5DuZWe44U,2
3zAyB1F2RjvaUpYcVNJWFzts3F9c4fumLyKSgB4T1bTY,2
7EBA8JizzovoD23uCpkVX4hHo5wQaMp4YPqT7Q7mkxiq,1
EZoHXjdmdhv5njQpNYJkLt5qpnMapSSYeHuwxRG9g6ou,1
7yCWRyVNmuKHYJwyMk9LumJfX3hf8aXpEPMCVjhJEQSk,1
FrQEUtVbgkJExS1nxGBLSzU4JtbmiYpaewUWGE2yj3NM,1
6dhmz5TGbhs17YHBiNoGve54ssZ81KiswKQsZ5hvrSaf,1
5MuqMY3PH6jnfsHerrcpM3YfdUeFSXzYVkYJn17jBkWM,1
5n7GWDEBEqcLUAvsmwp87KBcbusBNMiJFBpFKRhwi7wR,1
9usWSeF6CmxPmnbkj8Ms1LZSGVmouTVRwpSxVjoRtDYD,1
4SFgkLDgf3e7UGTtWUzT7moFsuFwuWQV7dN9P7bqtS1t,1
7Di3k6wzfN7GsXJULvqGnu1sjHZECWj8G64DUvrbxVdd,3
go67mAdeppjuLVpaZJBTbUyusnHoRa2fq8LY4nqQPTL,1
FgPBoKQ117BHnU1DVhTFURM6Qaefc8z9BCDhNLgW7Rjz,1
HGD7V6cdeofH8ifEZLcqzuBDGXaTEHZMB9zab9xnEX1J,1
PVPmacp2RdkW44HPEzXc3bBz6e6rtruukbiBWb78Vgr,1
4eJbYqJGHAW7Ph5Py2ZPpd9vPUryBucEy5D6Sx7i2fWp,2
BusduR1xguPshMctVGy9ADPSboVaDfVJzn7kFSM14jwB,1
7PwzcxrPnAaEyFcDzGkHRoXEtmMif347gm7TTf6QpJnz,1
8CMu6HCBqt4FjGquWyHJqGLCqo6TakfwmEaWJPdXsGEU,1
7QHqFwzeuqPRvPovEB4cqQoFksj6wRsTTJJAvdTiXiLR,1
E8RxrSdqRyw2xUPeTPJszxoU29V31139RL36deALJCCE,2
4rXXnaUwX7isoBhRnrnyPfTnKZjqUGktegjBqCHdPGcX,1
HtDqiPfrxzBwmKtfadeAL9K89G311T1MYygXJbCyoYdF,1
GMxEgYEgztqSJAebCpkAP2tFnhvPW9sNo1h8HjTbDfwY,1
3JSPhSbX6S75AtfVMT3SLHDRMtrhNfUFw3ZhEZaF5eA6,1
3CwGyzSpAncr6yvYys5QPpZi5YqNMfPgJ5S5JFgCy33P,2
DuCnqb4nVqTReu8RCvwU7xom3JoviYFvHCiDk6Y4Srwf,1
3drnafq7HqismZpmH1Jp7d795jNgQucHX7e1ivjzXAXB,1
DyvxkHPTM8Q9VuhJRnTPv8K8PvL7m2dNs9BbEzkJDGjp,1
Cr9Yoz3XcEzBStg7R6k6quhLppu43dKWtoDNVRk9Lubd,1
EphBiS7TnymngmpTnSxm3U1QyDQ39xUeRVXnqzk96p84,1
D6zjomvF4ExtE3hbfduiHQfJMFuX97j1XdDhD1BPMJai,1
5P2NAiHH5x8XkTvbNqLZFjX6JBHKaEsckep9vWug7VyB,2
H4UU3hCNKeok4dvr7AVC6MQqmEWo4ddXvop9uTr6jM4q,1
7tLrnPvgcR5mLtyUcVwvmhAD1wXbAKgWcLBPWxpwyZ1J,1
FiuxpSuuyHBejNMMft2rUHFTeWiDuGqwmqWyHXoPsMye,1
4TniEfUt9eqrgiGk7H4dutWSJ9m85pmcYZDH6zR1F3Qr,1
muj17TWALW1b5yfwYS9VynoXNXf1sg7maxV7VPMM6P9,1
5ntXv4928JZBKB1K4FViS6hU4QgELhQkVnLjz9ZtABNh,1
8CJFcrwCEon48sD1u58taGMLHR2QYGiKo2Y8MANhq9gT,1
5tnHv1hjci1jZrTu7nPxwCR2mFKS7HW2Lr3wkTnGvQ3Z,1
2BXiH5kAJkgUSgP2CFBGZwKMXY3mJHvE1SRsYXYV43Ek,1
4BAFgHFmrC5oMQWbAfk5JuD68Pwe34MBBfBgEsukX8eD,2
GFyZoB8TEcg4zZcYjeLbWM3YrqmDw4GdmmvTQBi8oqq9,1
ALkfZxKHnhAbbgsDbHCnupAkPxdEuHbx1LEkRKqNp4D9,2
Ef1Fwh98LupRbeg1YKjfoKuP8Gs6Me1EXpj8Dq1kMEoP,1
Hkx4F168hestca3h99fks6KHLVgfUZ6NNgBCXaemSuEU,2
HmcsQCrUKxoDZ94x5GPCBSnfV7kjtJkbQg3fmYB2zRHg,6
Chm1foacUZtUwX66XYUeUXfpH5gaexjX1VrUQgFLMwzJ,2
DvdUSgZCrQCMrSpqduP5bYx14jVbMCBbGanRPYKwS1qn,1
PoLoy5q6vPoFU3BPFoG485LSMsQyXXRDy2Y6AS5qVkX,1
Anc8zSjjwTUkcbETRPhwoFqnxpXnzYDLYXwoK5wTWmSo,2
8vTqmx7yWt7f13TYjBGjY5meNdcgXBfx71w8dDCEvX53,1
2TxBdJbYNLtYi2L8RR4HtWssiDVXrU8DheY2imDBnw1z,2
g6jSqATdDdY8jMiMAaNZgHiLGNHK8Rj2JD43K4w38V4,1
5HPLRSuV1srWGitzjiLoabeLtVFM37DJ7UNcock2QKKo,1
BXTHJ38ABgdqLTX6ZLRnLdwqZaGvtzESHVxfprTUKRyb,1
pNybTr6rzsoPYpfVsZhTyRFHnM85M3oFi42geBfuua5,2
BomSv4iBohrQNufbHE5Ek3oFLhn8KDbF7fsefbkJ4Jz6,2
2v8i882A3f5tk7Uz312XgtFUgSHnpYjvPzN2JQgir9J8,3
5B58jvRRrie7QjfE4ECbPXBdT4tvH1MS3d4fz5PyyRym,1
59xftXw7Ry7vpcZryZPQu5cgCf2XnsS9iC1MTSzfQbyC,1
BaPpRq7o4TYrwRFRKYFbNwh9SR8q2KGSc9HMAjBrVsSV,1
gPrjqtxqigZnutVPA9BiVNFVsGd6FrDCStHiQWS336S,3
9SkXry2jzyuthzDiJfqUgcBo9rM6vqu4BpNEZEZcF4rp,2
9jBd44MP3AnuL8Bpmxq8jTL542HKtAPRaAgseKT3CiPL,1
ChQx1gQm1G85eMHcrnraHWyS7LVRCjnCDLjxqjDfBz8,1
9xM3QDHb6t3wXhkYinpF9Nk23U7E6DofbcnVbUmHkiUh,1
ej5dkw9qf2Tbbpwv6wSSsiiepbTQbnUkoHqTVANamiX,1
Fvo7vfSWGqe7JeipR5LczVTgGd4YPQQu3BCF4eiLeAUR,2
5ERz7jN5nKgpGdqyr51LM9ddn9Ra4WwXzRbgw9PiuvHZ,1
3MuEbMP11MPV8ju7kYCyA1ssYx39Gdue8QHujqLnqq6g,2
FGn8VpTLmaTojieZDFkfQGaEg8MBULYuzS5wxM6p7PAM,1
AT2tQhDbb9Wh21KXmyRpu82HiYQm8zZHZGj6LLaS48E1,1
3B1SGLLQR9SC7zmycidcGdvh6xVv9vLv7xjLin3J7n7y,2
BFGRj9LKgmM2srB3Q5L8G6w3Wn1fvGL25GqXWe8RZV2g,2
5ChGBdLAuzgLTwGLabpBuBgvWW9R62jxubZoZWL53rBn,2
H278PekRws2BnBUBfqfjTUTaGVxTst2pt92Hv1Tkj2yM,2
EePnRqV4Q2VEHp5nPADqeGKcfPMFmnhDW1Ln9LKsTzWQ,8
A3F6PSDyho9daomHADnA8QAhFMuysQ2zVBgvxq5AiBwm,2
4XEJnzoKbaJUqEGdr9t5oedZ65WarCqss7RQNYvXdSe9,1
FiBD5icRkG9vTbBdQeyASY5gYXbusXsxua6dYPS49qNv,2
Ay44Mmhtx8DrvCbhMsd7kqCZYn4BC3ubJss9WNfMmKHo,2
FbT5ckwmNNvi7mvfVyhQvgHQ312LUkKh2scbGVY5yRvS,2
43y5gmxL5XfdoQRmKMfhnEiVxqE6D39YuamvVHwMFFB2,1
GaN78qsTmb2CWuik6QYFTpGqEnSXnTo77Hup9uetXsa,1
C8VHJso9vgDdxZP6x92rviHEqayHZsSzBPnc8dAFegMw,2
ApfTr1LvTdi1G1KjPfjsCrBqhva7y8vPPHDr9T7DzxXh,1
DBq1PnqmAsF236qiE3Dd8j37hTpngvzTheUb7GhK5m7d,1
6hjoKQD5wPFF7RjTjDMLEGLZFM7NZU8uNSJpx9gNFUU5,1
9TS4AXLwgUQhwtPiFmufFjJVZXMR4dg3svTfjBt8pBpG,1
6Xko7oi2Z6gmaAPaGTdtkPyUW8HxGpGiLcPi8SfkHmub,2
6PwD2S9aUvQu4fs2Tp6qiHEUY3jQMYTUbsyD1Lf62kst,1
2TGw4x8ks9DjQPVgZoY4hVhvsxCrTbmp4Lyba2yoWPXD,1
Faot5J8F95YVjGuKRkQeh4Qudk253PYwZJF2TdNcnoJL,1
21HBrgi23qDGqMBCTF5rJ8vZSpf2NGtGuAtBFFTQY7Nn,1
6LSGJo1ZySa8Qke5MyZ4vp9oiYoJVm2zgV7N9ZTkdRqs,2
4XCqFqwpi3usdD54iK6HGnK6AYVgzq8Aj2CFAMbpDESh,1
tVm7FwXbDHy6RqpzUvyMnm9DHWqv94C852QbPXHKoKB,1
6Ku3LzpRG8yv6ys3xMDcJizGPEJHaDEqm6Uhfoxra49y,1
2Cb5kr1yusu32YU1Dh6xgdCKg8aasZodniejivyQbdwm,2
9A588XUYi3TXJuytMi1Pox2fxEZSWkQgcpTguX9nYKCh,1
7Ude4p4zeqCvSxKgWraWgr1ua32gLVcextzuHQF13GgD,1
BMu3ez2VXmkPA3eRqtY16LRVr16BLL7QxDYnXGiJmUvf,1
8ASSeM87dQ59iigFDnvVxVszS1QXS3gHsp7DfeR3UvhV,2
HhNmJyW5Z3FJ2QfDo9YgVQPwp93KU6omHo7ogAGsc9uV,1
73sYnq7WwAzqi1eupwJ5pk1G47Sq96HVaBjXug4w8pxt,1
GGDDDvu4AMTY7aF4k4q2KYTRPsNMBtxvb8uR5zxo3Fjt,1
AwMKXBJekiG9AHx38gTFsZK139MmLcVwGPc3a4NyA6PK,1
CqbKycoPXVwkEz1yQi5q7n4q1eUZ8zLaho6GiaF9MnL4,2
FkzzC8GsBR5YNQjT8eNtB3SxCEj3dLxWBf7vNwcH9N84,2
3zSqUAnFiZttRQKtyhyVdA9iy9h1ZGzoBhakFMrqsSUa,3
CLvRf1KvNqy9QHAKRP6CH64nUEQ3TydKgkRp9afgL1rg,1
Fh9c4e5gtvWJowUCQy2BwHrNZcvUgFbMa2e5ik6KXikR,2
Bofx7GoaKaPfoQ2F2Nn8ZffDDBuUCFFmz4V8wptcJ1sy,1
5E56QtXgY8MrhizW4A2onmmRzabJ8FwyMLrJdB36NSrx,1
2FsxFx5pe6FdMyhpCsVQ1txqRwQjo1wTCS3FD7KigL3a,1
5nhQzSiQnFDfYQbaXTHoHPyFoVn1SNZB4q6EBpmwwGiZ,1
ELRmRdPoqcBbMCmJMiiLJRA9SY5npSDntQcbeSNR59oh,1
3qj1LFLKbA4FSnVHvaGe1o2Ei71NDXmqD8AsA8DTMznC,2
72NGCCVfjGky5kP3Sbjx6fhYScxtxdMGS8MRBEyfVmi7,2
5NW9azmkpqen1gL1dKruhv1d1jiGJgDuhGXEZ2jVGzP4,1
2X7qjY7uYdtnniKWpmnwGzTWCSvgYwmpFrszopFpf5ZK,2
B4cqTQwNm6ih7uVFnVSzwaboid8Xn8NqgNax2PnTNUMj,1
AndyXLuta7ht5digShXZvuvxNHTnEY5TSMEQojeQh96,1
3A2eHcArPs98tE1LHmK3zw1MHC6JoAndQn1ATT7MiBaY,1
F6FAYaV8sgW4YYENgRsmnovgNFT22VY28HkA9v81fNht,2
7g2Du4h2j7FDXKv1eXwGVcWEttt9WZgnujvEDBSrBx6N,1
21RagaxtTFPLXGT11GQDwmYLWNsMtTo9dqr1espNeHRf,1
GH2vw87ZNcMzBnXoaKmRYom5dskmH2FijDM5Sbu7ZBfs,2
ErKoYy8smCgxLx8jKeCJjUh3V8Sxr6BhPeBpHwXa1c6c,3
8qQ2iUgEuNGpvR4QNW1pPDWxUNg5z6MHWvtXW8P6UoBL,1
BaGZhxVjmmu4AVTX79amZm15c8JuaWUFzme2HM8a3qPv,1
GAaSRKt1awE5eXQwNoNYMBkKNCYsTM4xLCfXPSQXmBQS,1
9qt2KKfib5gQ3UG6mBBEzCTSs5VEQjrLCBRxQNS3Q5wB,1
spCeEwv1FraahscqFSzZmk3oZxG4oFXz2bH5TjQ78Qz,2
A2vbAArwuEG74r2qtLANWRo7uNzPqnRE3edGLWaypWqC,2
2cMhvtdgrBpYEBs6PHYRnrWFi3vYXoSEP59MJyEBeG6N,1
e1o5qtw5FtNSNYamDGRYtZP3GpRsjRLytYVWJfpw6wQ,2
GVsSpUiYGVmus7t6whSPEJc7Se8B3GnRxFZbCwBuyBju,1
7d6Eh26D6J6pHjbxi8pypob3VaZnKvSyafwXXgvYPiEj,1
Hy1o46aJbZvGPCb1bjwMrpNZ7bM7jHhxnaoh9HbaWkXy,2
ESpqH58YqgD8HcycZev63ta2yG36apJbP9yEpDQ4xSUS,1
F9eWiraYBpurSqvfmw28WFe9ntKDUR7SFBiiZdyJgnCS,2
5f6tWdNKTB8H7ATGXc2BY1eZHrLSpgFLcr5mZd2GH7zZ,2
okkVSrkBXGfMHvEfKGUW73XmJYbP4ojPbWsBXbYjvZf,2
ExgCjUT9NrQfs3mHZD7Vis7LE6fbDwhuhn3uPKtedKqg,1
5nkVBt2tBz9Su1GmMxvACCRxFYvg1M5HunkMXiRvL5zV,1
3gXY5TJCTyUomVCLwffeBcS3SdXuoFoBnGhaom95ZLgQ,1
EWU5hQvibAHiv5mT8ygRiQuzwLNwUQUkprD9jvuurqNx,1
ERVTSZjCv1X2PcMXzXAo3BYoR5bPVGnrumx7q5Q7Exkf,1
U33gBxqYXjtoRSkm98NX1x72LaWa2gVzyBA1u38DbVe,1
AAEaAibELUbLjihJYUFtFNubM8W4UKRr599n5jtFDmp5,1
FKP8kjaozjUwmpAUZgZYLWeowCHqAufr9ZciXeEEqmzH,1
DuyVNPMtDz4HNsrSCaXfN8pEjJ5RT9jzd8yVsGKX6igP,1
8UJyZjmS2dhGJxnAWMfTdF1hQrD3ygQejD9v5aLqCt8G,1
5517ejDtbKTwoWTKxKoNaGczVr1CN59RspBvnegqSsQD,2
3eMQUwLBoCRhxBYHzkfTiYssh6DPxvf9vKmLJjkD77md,1
Ef4t8wgUwkEsijAPgYetssYa1Nga8sR8tbEoXJW4UMve,2
ByMBFEkYFxgqHgbgFVuAph3veiYn6RYEZQZJ2UWrpLgh,1
GDCMyZh5kHx9ZXdJjB8ikuP1XT6Y9yBsoyS1Navgq3E,1
A6ADhio67Peq5QUCBzuDGqjRhfrAzRuFybeodBc94FKh,1
isrB8oERphovTtf6SaSiS968GPB5jwSvFrAZkZCB2Tj,2
7MRsLwqNt2qkJ6R2NGKskh4TJEStJxmU7AzCihWpYKRo,1
Bw4SuA3ZSsKvAJVARerVJca5rvKkRQvtT2hNrYQXcFmR,1
ACneLAdeyAPiVd57WU5g6P5PGdop3STUuLZw1pa2binq,1
3EBRhjFrM6emdAjEL3R6MgSi5w1xafypLCtpzUmbq1Xz,2
6eLJ2zJHVJmRwSDntGdmpQkSPrVmbWTH986oAESKmizc,1
DKM46yeSQVfqj3aPGYasSpiwrXPXLRykgHXb9UcwmQKj,3
9X5umAdHH6iK4BSXjb5SrshYRUE9EKQrMAfJdeJvEhYj,2
33GDMjp363poMqMychAagKtQgzSa7A1sWLDMKodSuzrj,1
F9kCwa1sZBeghPXQCNfBG3cy9Gat58FAeYUm4YLfWwLJ,1
BZTkRTMuzCQp6bmVSRU4kgo7UNQoGTVzS9VJrwRZuLvQ,1
CFv4zKpicQedv8nN5oYGYCVLqxMgsimADCCGTdMgBBg2,1
BnmiwPXcYo33wR6KLASVkhwf9zRWhPpUKVedk3QVadW2,1
AmmkFCUuAyLG2p6BgsMGNBk1RZr7vNziwtEzmWRHcThb,2
5QubaBFotqtGU5EdYweKqpYouqcEj4FwnsiPKE19YXvY,1
3Aor4yGubzKHsoNCNwa2tA5b8QjEaKWRvf95bXrShjSx,1
8HujuLSzh7xtXZ5zQt5F6hz8BUQZBjrnf9BETkWWUKmW,2
FLMjUu6jks5Q1b31jvB6gqxvQN6mACHK15gpgFide8je,1
3raWcbDYengLkqxwTjYe3kL83AVfqfQFM3kR5ACMrSFu,1
21ESdfgfh8xmnWgC9xd3FfmhPNceoPdVs9RRWtWqZS1c,1
9MNuhfRXSY9h8AfnGqhNp1jkx7fatsNzeY9mqm3XGQGc,1
GuCD5xudcA9PNpZmQ8cfTUK4Rc39GHy3ghikYj9MoRRZ,1
FnHNzWor1d3gCrtkzs598aQaBMCtf6r8QZUF11YSzwok,2
G13Pe42gAkR3p1nfN2A1yRzymNnhLdTBq9e3xYxDVP52,1
AqpUfU8s6fFRGMVuL8fUbH1WCL2LzdEHfjFsak26kYxf,1
BGV4rtmghqmZ1Cbc6KDhHrsst1DZq8HQ4yCyU5tegtq8,1
9iSuQGQYkXJgxCVTaamuDwWJqpjDEcPVKKxySREgRTQw,2
EPNidoL9J3A16z3iRWJD9FMtWqsVSzgbieNageJHuB4q,1
4VXi8vbpmwVk7cayf5sqi4hbrUW5Ly5YesR8iYxNyRgP,3
7tYhNupstYF8n42yFRaYikfk191vNZ7cAWzjSMfjSde1,1
GGfoJUCCjwX7ezH3QimGHV7egMD6E9pxsyp5ZnFjGkrm,1
7iWW4G3YQQD5Ejc9Hrb3hxecBuHpLJUeUga8SS2HZWzy,2
5mp9gd1oqj18v5kjLy52CKWv75upQuV8qNL3tEiKdiLg,1
7iYfatujUm7xrWhwG2VJxS5bF1Rr1tLL3Esr6RuUuBMD,1
7yJWjvGc4G5teEYFmTHa7tc7XpLTDuCn3sf3a8XkS2hS,1
4geB11jvRjmSiG3cutj2HeVQkdecwzZcNzqUuXbbR6Qt,1
3f7sTKNfghibb9NQPBDdUzhL2oRhT4zy5gFgesu2L5Jr,1
ApeN69tdAw9NaAeNgE5Aj8gmtPwbNuV8iVLYAhwBweVV,1
3drnFYrzuENiKRL5jgfLp29E8b4frrxEmibvKyYLf3ms,2
FNAgf9QbyewF1jmxMm8SrwfVXrWG7Lb9TPGQ5zhe7uEB,1
3kP15Ts3CtR83rBHvjV35riKJ1S1E1Vyokg2Hywqaf7V,1
GhuCG7boj9KGidjBLkjhALkAMxcyUUQh3d9KhMc7uo6U,1
8NAWytghTErN1TMe5GojaupSHXyFaNcm7B1Ro1jDcqJU,1
F13kWpNUPcNKGQZpcPybGfokf7QPB5aRTEkFgML7qzPt,1
FhLXeB6rfDUpAjWLGPjh6kd6VvDzaW7GBKrdsLuewDGR,1
EZoefxCTGHCEomYjW78FLj7q4ncmjoAUtkpkAVKTp6Zs,1
EKvSeYf3cT7TUusoXxVbmEdWF66MqBaPkCJFcDybtVRx,1
FDonRJf9D8ZAywHsf2YCsZLvusF46VsRujdEZEG7DveK,2
DaYA3BfBNmPcRJLPsdxUYLEHec2q7g5qMMJ5FKfWf3Bn,2
AZMWfWBdMhA2FNr3tH4Bo7GZsfwkt5YFcHHcLF12jZAT,1
7R5tyxgZegwhwwBLqtMQ9Xr2C6sv79KgFZwFKZ8vUUXr,2
4gf7rrPEQ7mhKTwUTXUrS97TAZ2zMWUJxcpa2QgD5pr4,2
5d6PP6zKc5MzxLmKPPi4ZfMNbGA74froWjySbZQA5fCe,1
6T9wxnwB7hMr1KzZ8ncFJFPbiDUoqakYYLDcbheRU9Kv,1
GARs6G7tr2z74xudJSrgf3bFjmizAGZaa1wSYkctRZpC,1
9KMjifoV48bzdS4wDvitAQ4iGyqcEuH6NjihvWg4cZ3U,1
2F8AYHKERjbcNbZcestquRx2WZSZgUtQVdAZzWwv5zix,1
C4BWvTPm2nCbqhLSuyc7PPWUoVVe1pjrYhdco3MbZLaL,1
4TZoRyZP5CVTfjSauiN1RwuuFmYezrVSR4gpG7Pwchjv,1
4YFuautheXQywCvLnE5bdTdw981zgjU8ABNT3X2PBsFF,3
AYDwbb37CGX6j6UN3TtWCQZmikwNRHCQvxddRRx1tc5G,1
C5b3XtFPpbq1dhB8dvE5vHF7QB6vo7qJWj6trnyyRprq,2
9kCW9AmiMx4zTxmjJQJDczXddWebQLftSfHJ3hydbTtJ,1
82AqKwvcmvLhTfpvrnpDwNJY4Zjg2y1rNS7Azmu3cL6z,1
772UxVq547SbkmsyAfWfnySxvg1tCBAzmi1ygybbgiev,1
Ghj8C9YStb2KKYzGsTuALjSRdTKpCf2GNwTT9BTxeTQh,1
6aRj21mFEjXeDcXaA3KWCKDB2ZM4MhiMXSWEeAjoPpuL,2
4R7MaiaKVPPGZSo9KuqKJ5tTiMPPNVsautSEPD4RWRjZ,3
8TgN2qdvhJjGiethEXxDiLwfZSJ71oJsXBrq2pVBtpeF,2
Ya5sQXu7Q6bjp8KWv2FfaBe6feRqmvCx92GDtcd2eMS,1
HaxKWrPwSGBKqhYWJ8qzxg9ehCKgnJswt2aJWfGpr9Kz,2
4RqvhEVafVVQHXauMNsQJ4CUkVxGEAuWsF4v3RCu53MZ,1
9PHUT9vLZ5iRhBsHtw8eTVdfNMxNwhGUM24cDCAhC8r,1
BRjLm9M58YJwrdYognd5B8qQUAQq3SRGFzXAE1VQRzAd,1
WF6HBLKmp4hSHePqrPAAmQBoYAtXFmg9snFExrZVhjp,2
ewHxxN6YXxSEtPvmAbDaD1VFG6TVpVUzExtJgYUb7LQ,1
GxXaspnaiD4gBeDzonQExjRmBVfJ4JVR8sWQqUUoWFQj,1
EdACLY58qDUq14SMsEowi6gp8zFU3pi7XKYkFqzGgNi8,1
AxcWQVjnY7jJdzPBjFQnwHDRLk6ixp5QsZr4FNzjGrUx,2
6KA9ut3a1EsHS7TqpfSqFoagJYDhSqa3pFN7C5W5ijEz,1
7AVuVdWJnKKtBvebsmsYfhUAbzWJf6cMfp2UPhN2uerd,3
DhCrUDCEgcLq2LheRauzzFbzAp1qdKifTF7r2hFFPT9i,1
6n8dDFGneLC9HuoLRGdiMpL44BAg4JuKtuvFC3yp4nsw,1
EURBncuav7UXgwn2fTdfvSbvTPWYJdkcdpZZxK1YKXhK,1
97ED98nCULaJkbnKVxJH749NdgjuzgFExin1fe8nqcjB,1
FZn86xGAHtQKrWB95AJnTuWnxptMmrjkvH35xHvQDfT7,2
DBCgHpFL1jbHGZ6oEfRaRKEC7WwaM23qr7gk91tbGqLe,2
J4D7hwz2KphLEondNFSiNxtEswDQ8Hb9wjtDXBAHZfLL,1
DzVaA4TmTpdSBhppCnVDWMR12KmHzuV2bQD8uXcg4WEt,1
64fUZUH6Z6HVs3mP4BwBobewcZLCrxRtNUtatzSFsGyx,2
6tgezh2sV6W4i1mHdC1ALYzewofiVsw71Wza5ucptP89,1
2qtR6E1upumyEPidZL1K6LMFUhprY2NuHdxCqinRaE6H,1
C8Hf1k8kfS3hGcfBdPSc7uc2Mx2akw49Jfpcnj64c4CF,1
7VDFATFCbZuQkaonbBGTUr6b4HxGM5KpKoh13cEoAiGL,2
AEMuMqKDkd9yKg7EARNZ4UqF5okfeoCjRQ4NkTS1JGvH,1
HMmZ3EL1LhTTWG8eZRurKBctb5TaM2mLJSwBJC3EAq1J,1
5iJLDrf4SBMHzFVdad4PAZWoNKUvoSkPvveowui2EGNx,1
4npUAfDEvFvFatotto6drp7c1zE4QDCBtQ5Bz9U1VGp1,2
DcuoY6NzU7ESNBVzzGURZgZNN4tVj2ycPWvibMG8mvaa,2
7JLc76vQrXsLsQcMbryNKjxTUvveGBLpQcymEXR2NWiv,1
2cxjDakEq1V1j3SBLmzkDnjygx7oxbCWqM9QdQJdpL3D,1
AymxHEuk9ZgA4SHeXeB861SRP9eABuZvMXYVQoyZuZjx,1
77rwBLcbiCJUdYaiU4BgDowi1JcaTMFDiTmgxmv8ahwR,2
6K2Beymi8VA1aNWAd25vibpvUaZeF8NYXxyRFhQMv2Vw,1
BduZLoFhXqg5eDxUjcRNYSrVZkqeTvNNY2KdaG2dECGV,1
bTqRhASmG3PHb1zaBDsd6ahBJGtWA2irnSMA9P9ZGvq,1
BwMEEmp4apPdeiDBQepeVtWPuVZszXV9ztgQGHj9Duxs,2
FLjPDYdMjDzHSe7TwTYetGEtWoJsteTxzZhN5XiipT6C,1
GMq8i7NcGjTkWAtkEFSuNhQ29NtZhGFWoxNM5gRt7d5i,3
6fW7xSYq3akR8PRq7FQGGura37ZMoDd7tnUupfCquH5e,2
AKEcJjomLCMHFA3bPxDRm2Q8Ua5T1Fg8qPhUKnBdntjv,1
DcEUt15QFwK9NiuoYN85ZXrByivyXVLacq7QCsM6T2t5,1
4x4fH7s7fmzHoZSpkgNXY2Maq9MBd8MDoiDjxp7e7CFg,1
4bwJDCmB3SMT4wbijbZLRkHteTJVYuFMcwS4xVn6TNXE,1
Dzixk1S2SC3g33G2bvSUMybYcMJ7nMBqPPGq34wGahyW,1
21x1sVSN49zbYoustbNqyZ9N9fi4BbayLNcz9mGbFgRy,1
J969WFi4U5N48ig46DZmBMcTthUueh5JpGCCAvRkePTv,1
vx1uajm1q4VVdmzhKyjRczWeoLKhLEZpsypwTKupSHU,1
2pjo4Lx1agEBhRf4kT4B8gH7UFYVd5SBAeVeDApKWvwq,2
7oSD32gC6ATfmssadaF7cyubLPAvZiE7WsVwmXSPjpRS,2
kesvh5SxcQqovUqhyvB5DXpC4cR1wSZoYdFVyxPUGqt,1
G1Fhrb9Dt5P2jgqgyQmTTvgDBjjdxtHaYsgyYmdVEavn,2
9DggqX5V14deHWKSLeaxxd151LUqvchyzfjrxoWcsjfq,1
2HhGS7tHm2mNw4ZTJt7HREBhPFc2QoxGwnd1T1US7ZZv,1
B8yykHkQ6ey87eSkTvBN74va9Qx4QrmSQPoQvcFPriBj,1
DmV6QtVcKHLbVtBqKNnsXemTYAWv3ZfiNDTZzavXBm8u,1
6Wsfu3qaWtH5xBeRndyssnbSUfyvuFTf2ng58kHTrDRZ,3
8d9c763W2KmnyGy6eCJ8uw39UHw7FuipeoEsB1b6J2ce,1
4mHAMar8Fh425psuej6r4QSan4h35w9MxGqNoFBwLuDZ,1
FotBwdzVsAb29ccgYqJtssUNBjo26AbqGBpQTtypEcq1,3
Esa7qQcAhBtSK3zeQjhstZPzq8Jspe6ADEGaNXRWP1m5,1
6bkZ7pzvW2PJx529vWQTQmMLsxs6iNgdqVAazbeSEquz,1
2PS94D76WNetGuEP38AxX391WPwJR3Zn9DLinpaGmVDD,2
Gnsbz9w1u5ECnZL1X6KRq5TXHMW4dtAyDk5QHEmcXXaf,3
727omGzb99gDjr2EX6YYHYgH7YU1Zm4qtxGtqmuRtyYd,1
3nz8EVNSVTmhvTW3dJjxTYUqe7P9f8S4YFo9AbzedmHM,1
C4FfSjaKZzNadC7oPbwG4paLdT4sSgm6k8pJN35Qxv6c,1
Ewh7UADRASNTCxz3dsFUpRJu3jom5rLnwgP6Taj8q5HV,1
E9BZ5uzyP8Uyevet7KEGHrH3hhraePKBvbmzCWCAeDqT,1
6bUawqZBCno1vrjBfYcWNLegooLkthwSkbEUZQsMjGo4,1
A2cHdomJi1DyxmGiF25MWLXAswrJJhsV8vzP8YNVeRTG,1
H7Kato7GD7gSV6JtAkt7bNfWgmoFj4v7FKkmWZBh8w1u,1
EZMQZ5qz65Hu3XxTxwQeHNJXyBgQjP1WmMkHckdWbQ4d,1
9VCkviQxoseSvCFjSPhgom6pWJvautSTz4n7e8XRMZzf,1
3ZZCNX89w1mjFrZdA8T54JKLmUhU9PgrPn7eAwdvhUhB,1
YpEuA9RetRXD1N1ymrZCXR6PFXsJKNGbLSF6SPqUCCB,2
BL9J9GABZPcK1G3rzCUsVPh815XUSt3vSWmRffab4DwV,1
8AUvHHZyfpEFBZJMzLe6rnY1gcfhepWeY5JtNfcDCFUL,1
8LUpAC6eku5nVvjCitQGuBCKNfwgHLuWfRKuBsSBKhVX,1
LCT6HJ821nvNE1rY6gtEz8a6EVfBv2AyLjbAgD1ZeW6,1
E4LBmMACrfWKqQV7jvMHxgzMyYHPN1VgMXetiLu6Pe8C,1
2yiiKJaRpmY9xpyohb3HC5dAFGQ2TYYT13tDnmE3UXMs,1
Bcv7bU1hTTxGn5zDqhKcDUtJcrrbRXLEPcRsQmuu74ec,2
JCMb1rdW8URiz5zKTPqX7qvXZW9mjdvLuRzHGR6My1KC,1
E4byhnnE1eK5WFrbA2Jruncdv7pBGzddRjK4QLsY4L9G,1
DNY4cjRv2jZ9PQwuKXdetnUVxnt2FatwHUQeeffD2UkY,1
8JSpcQNDhQXL5vkKoyvSEmoYCXihMmB2ayNdP959hBEM,1
EkypifwaSQDmAt9XqradEf2uZXBZRcNHAfrdpB3QT4k3,1
7ExyjvoUgqh28dyvYgQ9E1NZ6GzKYcWwCQgRofUrA8R9,1
CkcH8JaJtcxWLGikokYknaxBLZUEL7C7HR7vBtvWFo1g,1
HuWbaW6fLLeoYBhW2Vhhp4A1kxu23Gfd2ESWBGyoqEgn,1
7eeia8bYTTc52A4LaHS1LiDcsC94Vac2PGdXieCvJRU3,2
6rF7ZEs84kAEA3bxcHeFJ2ej4vQxyhc5NrRpTvwkreTp,1
BQqv4znqtBb1jpRV8ZJ6eCXfFL7XFiicFVrCvRLoikzg,1
Fw3hj3UtFNzcZkQofz12mrtchbvniR2cVhm2YzfaYywX,4
BiCcdAtc5FmWtZLwEexBZYpDAR67h7gRaZMWHcRqvQKd,1
4d5w4LQPKDR4FNAXUgy66fECYgkA1RNAPatXRHowcxd4,2
B2RzRUyAf6neBvjy1UZ84uwhY7LsBoEGHP3bX3JvLG9X,1
4msgK65vdz5ADUAB3eTQGpF388NuQUAoknLxutUQJd5B,1
2RAznGh27XGqormUa5LxM4QYtY8upEZKzDJNxM4GSp6X,1
77W6x8WYa5NGphid1EestzaeXK4bNqtRJJRbVsFiL6yo,1
4TWGGYgfNNCvMQAQR2dwgZxmWxdc1UsHvKG47BFAxufw,1
DhZ7GuHhUumsk4wktseJUtpRoXexRMHfN13CfUpwbWob,2
52wsirvkRGg75nj2UqWsnUJnxhjnD5siu2DNnPA8FMuf,1
FNYRw9JZyHDJy7W4sTxCB6PGpPhimLC45sC2DPLp8L8n,1
ChQmQJsqYLwTnEVcBdJAA3J4gFuLd6Jxoffxtwpk59rQ,2
AJ8Jd4885JYBBeFgy8BJrbwZfbVqRCfqU8dbGxyPRVL8,1
86tWKKETyqTWrzgwRNAJERZw3gSWxM7ZQdGvq77GpGAa,1
7YnJRF8iWXXRd95MWcj1nbCZtAvB7SWRf8LrtWid75uX,1
JD9eYE5JANYnHcL5mWr9gBfJwD1CxX5H1PjVT3ammiwh,1
6HJ5yRS845ncntHxpSSRGZtZV4AMPWvE1y1BnVhvjgKd,1
3oxkpey5mkn3Xn82WnY2ANgzcSqmdytoYXdQZEinoGUg,1
BK4WVJPN7CENWCrXtb8DMFiKvdXYJ1AmYdgPXYfbKsNA,1
CKHSbBd2bjdXhFJE6DDXVxpcSNCZbVd9Y2JN8NN5j83S,1
8RfShSmho25mP4F3UygYqbSZ6V2f2PmiebwEqMVunbDQ,1
4KMMoffzUMnQZ1dP8WqPW6PB9L8cDEpVcUDPbhWh7q1t,1
FPtNuX42GaYB6ZpNAjBWUWHdkuaN5cFTuG4tT44zQPbr,1
ACL5j71t7FgXw6iF5wBeMD7qCBb9eZgamXdVzVUp8N6j,1
2dyBumGnH6CNaxQAXEYDqasBXnQQtc2nkPYDDw7UecSt,2
6TttKgJdnnTPKYp9vKQdyq1huiJaJsNkPR4ft2VNThW4,1
DSqYNnT5PCDMnEcPpfP1bbxtE3rLTCXLTTRPLDQvtFut,1
3eCj2FCtHN4r8GUbEj4L7mVkJ18Tt7KmEgsNuuPUPNhJ,1
2MQyJsqQ68K2nbB5VmurFqFGEFhGbkAmzazrR2uQ9FWU,1
Hp8SsZZZot8UB28HTfEuxxCXECoSiwHfpzqwenjrMPKF,1
fTy9ncoiVeVX5xE9nfnubodBmRAcNqkConA9iTZX1aH,2
7oapjgAzFxCaPsWkwQTdb8GYNEaXhSDkWQEkVMquo1tN,1
BqwMvoR2ktaQcWDMsUMeFyes4UEE5yWJaxn6kBVjPpBH,2
Cny71UpRDmm8JXYEMPAuPHVu9SMiU6YZ6KxErARhbVni,1
j7m4gzNgAPjWi8ibbHncfWKDaSjJCtfB1M7uCsC96V2,1
6UNEGy2rnAd4XVPdbLRXY5zeKwUMgp7WxJgRY34KtZ54,1
GXNiTcGk7BYhiqTbX99CjwXYs1wkWHP27TtzGLQ7wXd8,2
voMH6DuC2YdrMWmUFXf4uKZBU7Md3NEHZFwANLP8x4h,1
By2TQUN532MeVAseUsPNU2cM3Ws5sAqWVRQX5qmf2H85,1
CSWtZJi4HK3dcXBMtCk86GBHgVVBnaVotDWuFsjwHdTr,1
8h8XQ3qRPTBMRJFHtGkWq1EKNaS1mwWYaW4uiNjKodKQ,2
4kvBR2e9xmUdNrMhraWZ1VRSmsRBerKMCcRkE2vrL5cp,1
3cXWEHBFmoqbdKNsbWF2tdvrFLXEpf4FVabpLixZCcGn,1
9FUd7ETbRVNEPqsjJNNm4Gt7K2XfHSGLPGYJFe4CLLJN,1
3soiMiQjZh83BzVsfqYKUrUjodDV1MDVsYDTsH3uwSHd,1
HrBwyjY99ewRR5Y4eUHdiZG532UfKYTXUkch9skQ2pBW,1
EeVB5M6w3oo9NE3xjiveerNraBjtUAk3A69hS8XGAiUb,2
Av7UN1tXWNBbzcrLKpHqydHcNXdASaxAEYDscAGLzm9N,1
6CrkzitbbAs6gEgn719aybTHC5Rj5Wn5nXMH1UeZHEYF,1
FRmuTamKikkxKZx561Q5ymXUcDMEALTiDnx4u4MYMRDV,1
BAz38ER6BVoWXfzrqhbiAgcBqNmSQffiQ187218HVnw8,1
DHqgGBaJ2QDG6fr81JinDjuZaQBzhboMr7ju7uHaUW5t,1
74XAHNk3iUESikU2x2UJp4Rvtm8HEvoiGP1mYBhtCgda,1
FhxDUhQoALqrczzgBsUBLh8WrjejvJgF8FrPA8Upm2C6,1
HisQLwdwYCemomohjErGn5hK7sZBGHrvDkj5fZpFDvUA,1
2rBJYTNXR7XFuecD5xxQhgLS2T47g7pSi4sWUd1B5czn,1
6379cMNtVxKMpfx6ssKE6AqyQQqDeqxza5i1UuPhUtst,1
ARmYbjpoGmfj8HBa2JxqS5eGFEcxgEioGifteJEBEgX1,2
9qiQLDZyK5vUxoydL14QHHtSR7xVdEadyeido7C6uAUN,1
Chpw2CMLVTm5yYZvdRAsCkFsDiZszJbqCMmyXcoYMDyy,1
rvr67YF1oSCPdwCh8R2ALbASg2uZhbrUWWzEcDJ4fxc,1
4f27WNrJbC8mz737wQuRtqLVvG6fqAo2aeZX8s7dc87D,1
AxATtiNrdHpKh6QgEsLbiatRtt41LKcvmNcvfDw3jAcT,1
ADRMvMEyWpqR166MJWHsunEBvBSxzcheTrDY1z3yLxnt,1
7RwoaaWfsuUinTbrgUXHMb7yRL5uorez5dQFYGXEeu93,1
D7VFZgCHcVN4GAqTsgYe5xpiHFkiH8HJpessxTPr3j6F,1
6kz3vAzJfqQi8EJhVX7pat18YqSsTitc6QdHsTWHPXhw,1
GSbyDNEjkeXJonnVEU9egTB97QHgC1vbBZRW4XPe4Fra,1
D3wHtrQi35fQLAKd9VSqwemTikGPYYRtX1epHKtWNA5A,2
3CKbDoKsEKNxPyvaf6yrGsS51iaqKds94Rxyjt3PcL1E,1
89tidRv3nss8ww128Pks819CbJELcK8doeFHMMZukmev,1
7SxNpYBvPkmsRg8oo2yR5gzNRuWBzxsEwQywpe8eXjom,1
CvAYNDN1uz95zz1w63uifKtvqR9Sr6eNn9a6iHCQMsbx,1
Feg8ZBDscy2rSNLq3cqnSheumWMDiqU9cSY9f5QHcvtb,1
FxnY3iyvoeu2G4vPUWYasVrBV3KVZuh3SwCWdd63je2L,1
2apALiPjLhsqiJm3eopoWtKZbWMvuSorucDxXjobFnSh,1
GiuXaKZZZfGYr7ph4jECVv3JwcTA4DKCnH5Y8TMeywYo,1
BefoN3dRaxaqffa4Dk7LUWDgLrKkFaCTPNgx6Uyw74Y7,2
CTfTmHhk2QpqRGWtRHZUXVNVcQGLtfTGQ2fNaCpNy8Zi,1
CvjjvWNV4MeHmSJmxgvqbts5kw3GLybQ9tThrE73f4Mj,1
Hv8GX85hRiMyA11iH7mmnmC5u6AThPd2jyJmgzQsbDri,1
5oHUFz2arXYid8XMKAmprb4o95Hx9ZaMwQMyRQi8U2WE,1
7xHtmLdWxu6vkXjDcwiiFdYaCn6Nc9trtoDng6diZJs6,1
GcjqTijPw6XUyWmYkG23cHTPyJYQpkQN2Y2q7AsFFaQ7,1
CmungL91fVxtrGzRkd8qG7gp5mAh9x9GJysfkEyfGmVB,2
SAueccx6WsL4pujbfib14C6M1gPfikXBUSt16YRxFgv,1
42A9fb7FVRmELgLUVTTTGtdnCdeHnFfFW15Xrqq63yYn,1
FDaTz3QyDhywkeYfGKyVZm5YJpogtHbZSrHhBiRGPCxE,1
97YGs9pb1KBZAN4mZD5nYPeJDBqELr9pUFHoa7W58pab,2
3GhLAtAJjRebgPaW9xGHYzaQ72RYdup1hsLPFri9SPKJ,1
7wFXaRXMiDVvtUaQE31zKf7asYfppVegYMU61mFdfDhX,1
Bj8stYEP6yfqaEYgGyVt74tNU7epTvy1H9Z1UghUS11L,1
DpT7P87vZqs7kCjKCU63pDirudF96uk2phVQfRCLN5AZ,1
A27dyyuAzFsKWFh2ZUGXZdLRhnV3FvedbKioJujVjKpZ,1
HNxi3kcTTgXxt9K9sqytUhzeuWkyrKHBWTW148abitto,1
8pVZ2tLDEfyEr3DkC6jkXGCwYpsspztyNTt8VSdLJM1E,1
Bq3pX4QuNXueSkXQE3fCeojsogCU6KyzJp1TqZyEy7Vh,1
DHhajYngRjhLLm2m8j7GfWVt1BMaGCkmLhPct3NdmZS7,1
EezprHNMGVJ24k3dWCs3exnAnaFjWqTWtxdL6N55UGfj,1
Gh3wBLa5YZj3gyMHywm8oFB1J4qZCf5J7EPLCRbo77GA,2
91XVP6yRrwGKGZa3pVG2rrotgcvM38UERrHAmC4NDBSp,1
4H5HVnT4DPmvcKEeNnAJgZfY2Q6PkMqYjS4u2WT3hMjM,2
Nf8SavyzPD3HEs6T9W1CjEW3cF8RqkMBGamDnmAnKSh,1
GqPnSDXwp4JFtKS7YZ2HERgBbYLKpKVYy9TpVunzLRa9,1
HtJYknmJLFdR9Rm8pFNFuvFS7V7VCTvFwdsrsF7DAfz2,1
HVkuRGscoUmsoXPs3D5zqcuhw7N4ysBmzPGaYWYLB4W1,1
85UK1CUZZZ5qJ98jfTPmJ2t4ypB9L2FfkumSTiX1DTuH,2
9YNzgxpvK3gY8hJ9J29FUMYht5GwBqvsxbupRL5Jp4eF,1
CNSj3qaKvNM5CSZss1W1NtfSEMLUCtjmUKY46i2W4VCe,1
EmKpHBK2a99mGKMvU7kTqQT9TG8JcJwQVck2zagQc7Pz,1
2FVMzff3tPBDUE4Jhrc44gZPuueJtExU89y3u6ygwiX6,1
E6UdXtgvNVK3bQFp2JfBCxUrH39zVrHYVj6L6gYAh1hH,1
7hzKQP5E6hBKE5oUrUWvo4PPoYZiG4tHdXiWhYNT7w8p,1
6YGvm3ztxFJGC9Z6Zu4NhcytPmPmRTZ8atz8CwENmV8k,1
3q9WA1zAEhKBc1UjaaSfmfvXuwpDsa7zLLokC45PR4Xw,1
4iRMvsQUS47vf1UsqbJ1RGGFH5LuVRZEDxftA4Yie2GU,2
H37xXfvb7rZqk1vPogp3r1vFkErQwtERLyaneMKQ4vzc,1
FCPn5yBm9Nw4uQ28doMm8BKtN6ewVkHuJ61c5HKGHbAM,1
EzDfrh6VS6LzmfuNGaXkVxGwkQJLNCsMqeLdYRG4Y8GD,1
BVZa992V4hbixxoBApgR9ZLiMjgKT24SqCsDvYRmA87K,1
ETvDcwqaHJDCbaP1gBbBCXTCVs3mRGqvPWJDCPycitFU,1
Fr9un7AGHz7EJWZD1p3K7zWByNn6ZTk86kxEZdDjAeo1,1
CpFXLDmToziJuf4kWJHE4xXcuz11d2Y36ZK9Q4e6c1Z1,1
2DHULZABMJGfpyWJU8Eut88A1UCyBZ6SdwbDN1vf4G3j,1
B62RTXpBNWDhc8DasCVeqRGifcJxPZpHKUcqgy8VtSMz,1
71QtntB4Gbrr9jLAyKx4c1vpLkbiLs4zuDndbmdkXLMD,1
78TkBPyKZfNb9M4xRpw4s8jvN2Knh47VCpYPjG8vQeCC,2
Bko7K5bCTjSBhoh8i3jgaKeC7KGyPgX8bFxbCidY1ABR,1
8KoM4Y9Wb3k9C9Q5ucMRXF3URNSnLNQyWRL3Y3DVrKEJ,1
2SpXx1zV3yewgaWJEn6Y3yPCi5M78vGVSxwnTJb7ejm2,1
8CrsVDg6DaWcmEiQ9H87HLxx81x9nnR5nX7RkmtPv6wD,1
EEWx259cULkn7QKrNcCfV5aviBJxafuczFwce8zvdVE1,1
2NDUSTM7xTTiHoe9MA9k4Nq2Bi3pUhT1m3fmMoLZPzLT,1
5trdczum9HBB5gFAg5zvykv2fjmVhtofxRh1cSVkXT8W,1
DPubcbBRjBa5ddR3HbwyCqt5ZAr4ZNP1MNJHMT9T21ox,2
7BPVp7a9MQy8YgxUHcjpnL99tNuC44fHeGdXCHkXLgZP,1
4aNQYkpB25dzqfCFzx6D444kyHHgBZzDKGmepsmfokAc,1
AbkHfv12Dwd1EaN7c6Zcsi7suCfEBiMB3FtEWTJQu2ct,1
85RZJF41mVKvECVY4Z4VZ3NyKbeyRWxxFrmzq6sfQBqT,1
7fpU818m1rwQa3npAn1oob3obHPL58dxZNVhtEmKp49p,1
ArLe3gdN3MvMbWfJpYz7PuGK725pi366knCWyxWfhGge,1
s8EZdFoi1BpyZMRhhXQUHx3vLyeJKFmVZGR5pkjL48D,1
6EP4kY3S9buUZTMTYdHA1iwQ9kmiY9CcjtyiiABF53vu,1
DUUAGwvRLCDK7N3husdmUDMXb1Lih9wgZyovp6ACYj7D,3
8yJntLQF4PHer2FEAMxNRyycFxxchZFJNqCBC4rstxCA,1
F3XFAGTzpFj8JxXisLi7tVHdRe9iFsgyBdtkezisb9iG,1
6AxXto87nxg6icXSLXq3xFUEACFYZgziGde3aRK4DzoU,1
8TCY1tmFNSm6vVF6xWu7jcYwELsaYwrUQyk6RJUNntS5,1
CpSrSV5YjWT9MXJDWtZyHZYZLFVxFcm6rqB1swWCnxej,1
8bJPYnGyBjCNngtUbPECbcRzvvh68EzVX6Whg1RP2EE6,2
EsdB3k28w8B2V9XbG3Eb8rCMseqfBoSAska7t85n7d59,1
N8XUGoJ4zgt1uGb9S5RADNGa6oi2Hto6SAvSSJk8rGC,1
7BBE71LVYnzxEgaMCN1HMFEvaHjz4LExzyxpACZybQFd,1
7u2x89wus5s9gAyDXv9Gh6JBgdM6yu7dWuaizY5ubRbC,1
4qZDRJRCb567nJ6AfkPiFWbaYmNsKvRvd8ZBT6a3YmUT,1
HgcjNDCGv8cBKw78HJSiHLfnRdVQCZ9Hkj9vqtdhQjui,1
BBDCofEZCJ3mWhJeqSAbwkfYyLELUAnue1xjR5rCfpYq,1
8tg1ncYcGSUdXr9bP8CtBEbmGthvZNgRaxbvpRprXtjD,1
EwjUytd8yZvp6kQme6yeYp7NT4FwpJCF64rpNHW1URdb,1
BoHKqVX6PaeVtHsSnPDcLu6YcLCm5hmcJkHhy5LFhEce,1
BJzotQ4nykk27ebfeUcrASsTdJoJXPWc19dHxuYsUvY6,1
9Vx4MZES94dvZJ6esrM86oRGWppNk1b6kmYurSrfD3un,1
3z7Et8onqm7CBkYcVP3p47fn7hGFDBVzTJbMmA2n22LW,1
Eo4HH6AYf2Ddyjy9Ckbkm9FkfoSUvnXt5AM5bjhStLsb,1
AAmZ3YfdGnWPb2PKfTzV24G6367xUBnM5LiC7QmvjQLQ,1
9Hwch4puF6cSawzwmBGmVpoBdUGp2Yb1CxX5RofQFkeA,1
8tVWb11E6wnqsb5VCH59etcepePGu8mVRZftAFFUFLpU,1
AHaCdLPCacBXdWp9u6C1fbzJKY5i2CxNW9Ms9UpcACmJ,1
C6mKbq3Jc2sKv1xkLmyP1vFwfDYWxPpESuQJSKE6pvMD,1
6QtbXuMa7ujPJosSfKBPX39zcHeofJSSmiHuSSjGx3wo,1
Ffzb4wDgeDDWFsgdhxz3kekPEMke2hm645z9iWbPygML,1
HaVp17piN5kujKu14c3Fw9nn7n6WU6SYbFTRJoLNLP9S,1
5TFgr2NpzNYGLZRcgtWfHVfwgtPQTuUJ11HpNydCTajF,1
7ikfWt3ykEraU7P5fSr8CuJmXakyzSCK9ttY3wNiKJEX,1
DVr6hW5UGtC8Yzrv69B7g12QRR3fAu7bNZ6zUdi5n5N6,1
Hpba1hpN9487Lb9gobzUTE6k3XAmfR3R6sLcsGnkMYha,1
FZMKue5kNhV6CBVtyxC79NcUimbFNUpkCK8WwUoLbmn6,1
ChejcUMQBJKpG7NftaNhyZ6VBfzCiUZ6nN1FHuUqGNJi,1
J3QsYehvDZ1gPp1R1Z2pVki1DUKGV2wY5DkrD4UDyMu9,1
GxNBpjPFQHVhk7fszdzYZvTEZ4gNdYSVb4iDJwXtjQzs,1
4uTGrR3okhEG7KYhozQovwEeRCHAeKR9f6zkrSxtURCx,1
DAoRiWzZKuUESaTncw9socaj9t9tPENyeSKHTRY6kjJK,1
HhJjdJ1S7wdNM3LcMqcNfSCnKRt7Z5C9AVuAoyZrb6t1,2
9E5NGVNgHjb2Su8Ba12tURr1iELewLonHx1HTpMn75cB,1
GJBP5tpuPBRtTGsXCY135ZVmEqtyWToAFBJpCK1AcKji,1
npbDhQNdRZwnPMTVZXxmxBNkNkCNwa3d6MKRYsZyFLU,1
9Zfxd8RdX2cDCNi5JpncDoUSWQ8TwpPYhTMk2yMcfZLw,1
Ho9AJTyj4FJmpJ2K6LXX3xGDSEifncmfC7e8ctATM5WC,1
5BEDF7KxZaq2oJ8E995s3Pc9b2zMizeHH31B94vCXv7o,1
6tBou5MHL5aWpDy6cgf3wiwGGK2mR8qs68ujtpaoWrf2,1
5FC3FYbmoFghZ7V2kMNM2iG8QUp5UcxiKPHrzEHiMgKN,2
2a1XwXXzxLfmWmYeaqmRKyCMsjdudv7176j5RCUtSDDi,1
JBThuf8zKGc5y1pzE6UGTCBcKvCDXi3P3NGSfTitooJf,1
AvuYirsYsKhMpH4bB7Z7HfQJMcWmkX94AFysACXBdU7X,1
G5NAfEYN82LaU8tM13xqS7gRdbNGc5g7DuaG2fYwhwuo,1
JSuAZ81S2cesP44cpPtiYxLSAu4A3YBxGasF2WgHHNJ,1
HAyc22tDnYtbKp7Rxt8oEC5amHLN98eeZCZp9a2J4yX3,1
CwK2NtEAyvKg9poN9BopswhFCP2SoxvfPqr3nhbafv4q,1
5KAwFNLcf4US4QrwfXvvA2CcbCLYNCagXz7AQ7EW1Baq,1
CLA4x9q8H8o8knPwrXtjxMv914TjRa4UyF15EGUhoV7A,1
An8KJ7uLgVpECRz4rEvhfzprsnR1zEw2vpTCxQK64RWJ,1
DjktfwjTLvBKCDp3fJUzRxDXZu7ADbekH9oLSiYcwmzv,1
HPLTMLhi3QNiWN8atgGcGJDHiLHxBQx9nR5Y9H2Gk5qU,1
BSJho6w1fcbQTtASHfBa61cX4EJq9i7EbTrXeYoAnd7s,2
ES8fjcbXCBWJKZ4BunGcxidouujDRK6QeiE4cS4B7Kaz,1
BhrPnepy7nvA5PWgHH67akiPBTVCw6vbmbFBFRs8qPc,1
HPkJNPphoQY1yFzcVvhCmAYqPxQApYry7nrAcnr6P6dv,1
FSd5hnMjXpXuSQfuPkzLUpjgvsQttJXyDtHGM1d9YpqW,1
5xgz7uiKh6MbmJvGC8SzG3sS57xD2pduMPuwNp8dq1Dc,2
BfM5sqp4KoXY5c7gLwxmANwLYqGFrmHyKaFruaWcJmED,1
FjTRC1io47NFL6JpGd1eB1H6Ur9HWh5YqsEq3VscKa6f,1
AaLs8t74b4dnY33QXBiENB4n5FvTVG2PSLWKxsUDfAnA,2
Ghn7fJfsNEC9gZP3ru6Hs8UaFUQqSF89Y5KR2MESLCtX,1
DjismoKxEMwc2hvMLkU5V262SRxn1aFpACunjvcBKgPP,1
3QkPVUxwHaZ3FKYhykyQWLgJCyUvn5hobYYfXK5RvBKp,1
CN5VsprQ7SwzmJ2JSvJRpqgSwGLeFnq4o3H25Hiq4PtM,1
HJ67sjG7ckNPdPv7GqDztCpMXGeoZPPMx42uDmKcXDb3,1
98ZzzKxcG1efm9njpKmpEP5gDpk2JwWwoTJinVsFkdN6,2
JSBv4NjAkW1cs2MkKqrLo6tdKkqhPunVXwSoXLydF6T,1
8uyewewxyJw7vM4yDGpPwFm3rJQtERXnaVa7xuymGNVf,1
26tg6fNrNXc2jf8UzdzcX6bqWH6fkrshLiEZhRDL3sNr,1
d7q7rTMeZQJcydmttUcH5n8U3tMY8gXM6DJkvnMugn6,1
2iVT6HPRieoMWED5WqYNMueSU5hSBUp7GRGzqX47NtUn,1
2fLS3NApEpe6133jZSRTB8hCUW9majpxC7eVTb1CLUpP,1
7Rp51HCQBf3TFivfqMk65pAKbtogwrUpEAtfN3f8Ciz2,1
BCMjUum7qfG44YiBhXyBFx7G9hgdDZkGbPHSVp7goLbx,1
FQFxaYD5X5Kp7sedarf71pserqxvKGPTQ3uBMzU937BX,1
9nFbkpDY4bwLmc9g9ReTpwK6A2y9yqg5Zr9CwbB9AjDE,1
FChERPvqwHiUmVupU2oGhqXuG6QdfhQL4Ha9fJoTDvUc,1
6nMxqVUftnkbMbeSWSkkYUJmjJuB45iEgW5L2wD9EA8Z,1
6eJSakfQxgUHiHZegfiuVukRrzunCm9L9ev12FH78QYZ,1
6FXQ4WB6t4fgaXqMoiUS8YGWYEzHgGLN3Rjcj2Pc9vBK,1
3bE7PuqwyZ42WFdJkyFnXGtxj9ha4YVQChPUNDxx5Hjk,1
39oEttze8egCVN3hoYhhde62XE4VP53MGgJc3FBDgxba,2
DYdP6yLK5rxyDQBxFt5ts3DSLRM1BXBHVAdYWLK683Zk,1
6hqzdcNVabc41ZoRaUJrDxAgTrSCoY8fF54LQRT1c7oK,1
3wJiXwoZ8LYyVfafyc455WDWu4PMLkWz2GBvF5XTSQR3,1
8eTZruQKoW5QqjH81z2acEzSc3gEQ1Svpi2WYoUun2o8,1
FfnteAngoaXkuYzDnN6KD5SpfauTYqLoJLAANA8sXELd,1
HAyiLuayxwgJvwZL5RURjLxq6NAdts4cBPuSVdiyQjaQ,2
CFXtYfVark2gJ7dm4zVQXKufQWKXnDdgBtvnyTTaRcV3,1
7XPHdqYLeJWYK9S8HbtnSx1KgyS3nGTLURU3kV7Cdnwr,2
8jiTtycJXyTRfCSgxbQKrpKQD1Zs2h2AqoaHZNHUT1u2,1
5HnLDSsanMBRfnoGdApdjRHeifMUxy9UB6Rbbbq9biEo,1
4dcj1mBkD6TqjypGYAMSghkWXUmfk3DAU8HNrycQ13dz,1
DSq3xk8Gn2WnAEqef5Nhj14eMTK9dk9bGXEjECW6ZZ6C,1
ECteQ8szMSQXyuvhQSbpnP95gEkxTCeerLUb9W9s6d4,1
DkKW4oFhrnAQbJ6Zq9uHtLkcYdg5EWtUCMXfgTDE1oLV,1
4zBnXJYkJwiWuyoAutw3LTW6u2v2H2Yc7rxRRmNYArKZ,1
5AkWbexRNYx1YRzEdspQsYjJbf4bdbj8mrPG3SNpLhkZ,1
H543DeDjwpvLd8KQNooDRUqQVpYipMBtjsLpN9Y6ienM,1
89KTLSEE61zShHm6TwyWcFm1xMrjqxeKzP7TMX4WGtgP,1
611xGZYaNfueS1M8vd7qzA7hNTaJ8yYLzb2USiaUC9Xa,1
DyFpKjhRRrsarKif2JRBViErZ9D81Kmp5Sg7aVfoD7Hu,1
E4bfWAHazhAKGL2LYfBdCpPgPTAnZJJHMCehHv6MvPQD,1
2Y9sbTVy4rYfbw4q8LyDPgZmcFEih6E7RK9yoWCqr6qq,1
C5ztUqBZz9q3817Yoe84RzS52N5Xa5QMqKb7jZ28RvoU,1
51oET2dy4vCmZ1JMGYR9hbsvsLng1vcLD6z2AZp1uq1j,2
JBFb9PUwPcn4zk2B4FFcGWAstkxEoUaUm1qdWJBS5jY9,1
D2oHtKToY61bhogYEkDuFRae1uQ3tASxjW83aKkqQnQa,1
4HnJSVq8kVWjVJbUr2m8zmxJFKmTKpyp5vWM9NpYhoDF,1
F6QYWFFiny9Go1kUroyJJFAsx3ePzaYxHQW3hYX4Y2Yb,1
6fr6VdEbD4w496CvjCrj4d2vYS7pTJko1iQvNS7Mx5XB,2
FikyhYzTrnXNgZy8HVWopQXKqKDyPFWepvRVDDE9Lwdv,1
8vB5UB4ozvAriNgGfvtor8YdZataGjvrBHnCrMnCK3n9,1
HMv6NrU1PfB8JMo3Y8oZoPVPt4shXFzJ8VB8NgZ4SVpz,1
RVVeUCuMfVXyLiyBBkFg6CGLDYY9kdeHpzSkZMxdDdy,1
B5ydES9P43389qvJsoY3wTgzhon2ARne2qjJW43RxHxF,2
DiS4RD5L9nCKBV4zshohuvg1zShYGFb6j4jtEzHxDwim,2
14CwLkZkuCLfox5YLqDYAwLSvcr2pNhMMUqhn1EkK8DJ,1
FPsn5eNK8Z8tYVU94nf6D4A3oCc3BTCLyNqsijNpxG77,2
7vkUxBMXCLXRDMikSPpKeBMtd53XTseMVeN1AHLpTFZt,1
GEBPDMFrDunvZUh1usuyPzAwyxVS2xi1iwfAm69sdRip,1
CBJ6PvWxr63CBH2TJnKvDbEWKDKjT7ADCBvveaL5kdBr,1
5kULh8VyLdmGa8esvV68MHQetEL9nLaUDW9jKZWrWogu,2
3k63e9uZATG3eQrVyK3AjUMyqbZPzfyqBeXnL3e5VrZH,1
BCmWN3Zzd8SCpKNGwfThMrHNa9cn8f35ZV1BbEn8v44,1
BgfWqrPvN1wVV8nfpKA21JDzAFUN5e8mses2RpAR2j5r,1
H4TBEe9SdCsch5FH3eraprWEH7ZM4mAtgoJd2xjw5VP9,2
7YVv7VLzpppeeFBQyQXMxiQ7FxpQbRq2ChgYUEmDZ3q7,1
FuN8CfaKcCK5QtBB2KsFM1ZWixbsV5w6GyqeA41EMBeR,1
BKsbN3hwcYQebangireZWc15Y2E9fg4EX73ciZDxCS1t,1
Cq8sN2fCwqWTkwMM7RugFyewCpHyzJSzBADfb7zPQWP1,1
GoWriVkSn8Z3WLsbyUEEU4AMGqQ46yMA9sbp3BgrGKxr,1
E9NcjHQicfm7UcNwCg2UxyXjyFHQ2Qnr4XhYXCZHizcn,1
9id9QEHXN4gvBi3Utc5rqbq7hB5iygyzdu8sHqu77Atg,1
6PrE6kN1WBxLCchwAbVtgLguZwdsC5PwJTh5b1H7vTiV,1
3f9gYb3jcUkNZXmQwgYx6LLTPoLFZDxvQmfp4zC2fD1B,1
DkfxePvAeAA7AaSbvXoez65BAywjU3zaDzgL1Muea1Nn,1
JDedL67b8HRD16a5GVWHqrSTkVaq3TUVsJzJJCEHyNGe,1
9KHN6Cj9WC8d1d374ddYHyTMpojd3vGNNqQ56Dxb7M7b,1
GYVkFYe2t9yL8sXND546t4bZtpsNi9JzE8C69gJuNdXk,1
61ontuMCGgECENFnpkPXgxzjA1ymc1LJWCgvHZbtsw62,1
E5AY1Mgk1K5SAkjEf4rFSoVk3dSWksn3TzgpK77gUSNW,3
E9KzeLD1cVkkpWoJWBKhYnHDG38JPjRtjw4TBp5JD3XX,1
Bn6KMPa2GvQVmQFuWLqm94L8SVygBT3T51m6v3ZidLvL,1
DyXE8oQadQ4zgDR2iKPbWbyUpsQr7qQDDVMSDymntJwA,1
5BascBVk8n2oQp7M3jFjes8FSAJHk9tGVSCbQqqcQaAS,1
BByRcshSyYBLouqMC4VyGfg57W6jwuw6p5KddPkxThsj,1
HkqNcWqyCYTtgPNLi8Ukw9bEGoHXhxN6th1BBPsNqQC3,2
76eaNm1eCUB94Mc8Y92nzzCR32XY7umqZbxMSgX7Eju7,1
AJ6WdYk38uFFp9k1bnLx5TSWWSpJBmVq4AVNJtqnsn35,1
9YyDhDARgv4vWWz8nKXdjhhySRn6yKe6NWQ28U9tCoaj,1
EbNoi7MNFdmgVDGS1cDc7s8SQMH2MvrfPd3ttGXit3r3,1
27QHM25iM7D1ntKUB3KaBY8juFzXfHjFPUs51zZx1qwF,1
GiG7TjSphoUGhXuyhGVc8sZ2ceqvJbxYjq76GMnL7Y3j,1
EnuBFr1vH59nv4H4mViGFsfLscXoe7EqVwje2FucpXFb,1
6LmoSF3UYHUYn6cxy4KS2MQnH7axHnzTFKEyg5AxeVuw,1
979Dh6FyQKKdWxKCNUHgkzh1uiBeTQ3szGcB5RT2LsBC,1
HftzJun911SWbYTyiL6Two3jWXFU3RMbq6rawsXhaeBF,1
GPcLJW3y9r4m1k9jUzZWET6qjMXR4ASxb3txyyS6od9m,1
5qHnoSAjAAz2SuX1ePqrbFH19ZVNxByycnjNe5jGtfz1,2
Eqszce66nooLPo6tXpQA2wVaGgATD6tW9bBvLv1Gye2w,1
H9o8Gx8sSSXijuvSpKD4oxB121jYd6UU5MBq2tyeMzjc,1
EKnVFJ4ZDdzg2V8vsYAjNFivNPiVHNRbcEMMDLtpkjHS,1
D2SVBYvVBLbowHYjzptfpdZFaHBuZL6U7rXV7EgHSN34,1
GbmCRx8DFz3N5g8fz6va8yL4zqaKZYmqy2B8M2YTiCCU,1
G1q5tSPvbfJ5cgd39HT2U6DMD6bX8wiNHVbjTCZeHsfv,2
ASUwbKvrs5aYwSkN7yY1QaofPmfC862CBKz3qxSygMwX,1
F8XSVDuZJ7zsy5pNCknWeHcPxjbjiZ63Z6eB9CxgqEpU,1
Dj3mYWmv6YKm7Lg3F9nPYEuE3f85qCez4dt4biFNEzWa,1
8XGASSTRMbzJhnrKCEahVGraNqCyZ9nGg65sn5m7EL8B,1
53bYHutBFhW8fzz3fAugB27idvYFoFnxwm2cYV7TsrJK,1
9AvzY59scpNTtKsURwJJBgLJ6wB2YudRVas66Fbjfk6S,1
5PxeC2bT79eGUiCJy3rkTMBYeymiYxDAYD4Lbtd4ig6W,1
FsTjshsTvnnxTyiKNghwxutggBSjuom8zNNt9cd71Psr,1
H9XKG4QVLoQNFSML48UBwdJEjvZcj2mTBzwrwW8bWxVC,1
HYhTsXziCYUWbEHz6DrWTDdQioRtUakpdV5JCecjpTmX,2
s3EheJd1qc7r7mTMLuRVEGKdpcvbuzJABuEv9Jo366h,1
BJtYCbFKJ3ECV6C6vDNUma9KVa5kkEdgGye8N9tZ5diY,2
8ZP8wkrvNeBhcXFdMeANK7XF7srYtQxTGP3ZPmjvpR8S,1
2NmbqdzvwfYPyNQmDykbWtehEyTsoL6pXJ23wRK9FryF,1
DopptB4icV3YaTGKPxoB8nee6K2azobvEZP1gWbguBR3,1
E18nYbfyQy5BHVJC8SJ2aGAFAez6GBbW2reL8ydVpqop,1
4MiQjhgTJoPta1pCvANoad4siNfeum6EmtGWCRvZSx2o,1
ARRgGDtR4pPfLozZ9TUDZfekaVHiFQTM8K9giP1PLuvB,1
3tXXnftaLryX1YCUAEmNQZ3i5MjN1Mjv4oANmSzz1MyC,1
AqHfMvxFymABWFQ9LikXmgFSBG6XjcQiNFq5PBVuSxbc,1
52JiZXxheMeyeiri8R3WG4YD31PmZG3ZcBJBWUw1te95,1
4RCbz8BvJo2sDMS6uzwsrXXPe7eHogSwgJFj5Gv7hcj9,1
DGEuGUm2YX7iBhRqxaUJQBrn2nFNb7ufgYxChEebaS3t,1
DuG7eLCgtwjn4gdAUw5Be2ZV1wRJjcabZvcq3arUA1TV,1
4icwHPNGQHpN835HonBZn96Y3TYZfbxPK69jPfsvZ2yS,1
9HBcYYE2nZ6r2aWksZrnemNSut4KxfUKTdWmi6FfRSKK,1
7uzyXuEu6iFhYk2wYRVzcAWZdzRLeEmuTzmB7HXGHvjD,1
F9u2ToTQQDYTEzgDEfh9yyfnFuJK9JLZja4M9SyP14mH,1
5JqXRvD8LZ2B5v1raWrqTcMCMy2NP95NVEzcVCMKDZ2Y,1
6kYrHwoBoD5B3sZEeAw4AjAbJa6mWqJ3Y1wrtpP6LvTf,1
2KkZsxpyha9RaEBfyHAUNBpuoKGnLtUH9Z19FWMMpG7z,1
5jnb2Lw4WHf8Ed1ytqCKRPF1p5MYyeQzxPLJagNjyyak,1
78MJ7e1nFHgq6EYsFhUmYutbiT98xd66hoAetkf4JqCM,1
87nQiCwsztiKNmi23TxhnLzquGQVHFJzBxumPrF1zNiH,1
HtapNabFPe8LErPbFFF3u7mC2hpgSPCbSWdrz53MjZAM,1
G7jL4grLYy8C3VGkRRF9X4iCciTNjq3nT9naWar43pno,1
QvxZkMnNRxE79qWAiKzjEuVbZLsufMLchHVFyTXzzJe,1
8Rp9tudaHw9Xzv26xP5Ts2nTkKC72yNP1cF97qmJidoG,1
8PGoRNg389KNoEFjSCunm3DY1AHE8G8hqHvuFhHQGacb,1
7tuPt1qCaMSwGKU2NFq36xGgmoG3MsZUHpchDDhLU89s,1
B8KDNSndUjydy1hM91ZQnMU4nMQLswPL5S6pzY2yv3zd,1
E87jBS3SJuPWLYRnwd9jHMQdKy8DXcrWejFczFMWVNmo,1
CHtqgAj9jmiMJXz2pMkGu45tryRtHjX8oxFJLvgJefr5,1
DsBFPm3YvFB119g36SoNxXT92e45x1Yvx3sxdkeW9xdK,1
FK6hnevysXMoV4xytpMhAQ64194eUG8Gmf2EhCPomDNH,1
8aT1RV7hna6pGegVAnwAtVUyPAJsbExGjp4H3oP9pW9q,1
wEHmBdGfJTGyRY8h1ySzytVoUXMiGtm6ubQU4r9nuHq,1
9qSM2SBZcipnSD2Tmdb8yy1ASfEyc9EMwZpf8xfkL3NS,1
FZ3xomUtSMJVuwM9xFPuHb86nwzimNdYcEY1H7DaUab4,1
3xh3gfsci5RztDjbx9GijHEeLTXaDx61k3iZcedNwmVf,1
5rJ5iXvH5f6eBLeytA7Awu4reBav2UaXcrJfCPyeMc1M,1
412WdauBjZGYNyt7qFiVQxz6tykEWryWG2Hiy1YtHTuA,1
J8kNxCCGgdZ8ZZxv87QDyTqjQ9xFoftFNhbwjGDv2F8z,1
CPKecZChVJ2c2xY8Exf9aWRFTGBHSkHhCTHQ7yUc93ri,1
AsJQDsum2in1ofjarLTMnRK6hBi8qwmRbvE6QKTTdFAk,1
9ikf2giWeuipSNWotC5tDUtButFEvUXZzK3ovJzmBzFU,1
CbpKAHYovR8Mky3Kk9ETo4h4wM4orSGLhYRSBBuuNYPc,1
3XGD1m1rAo1JrVxU9s6T51XyaoMxKEzwUqGVQfb2xa4C,2
CjEqg6nvGvnDRB7skTZruPGZkRb9esvGyZsx62sb9Hzc,1
EPGfs6DGgkxFuiiffDvjvixKxQvGVqAqSd2du5CUBk2e,1
DKwZUqxDmU2i63pRJuL2QYbTCuP9UjupQYbc9wM9W3wh,1
2snFKQcT8NLiNdTJvSa3J1uYjAjpbQVR5YmqjwV6ramg,1
AfXAHtZVg9x3YpE3iCEVo14p2nbNmR5bhAPYHCPPhMok,1
vkGRZmxGa4AnhoF1qJy7ZoSYriyiX2Rw7NH5STocPtx,1
6k7Zusho2qeMTXj9JofPtpZuh5v6uyDA3S3FJAY1oDoo,2
5CoaHMpEwV1BLUhtEbCZVic9n3ZmFpUHC3vTsyFYU6yf,1
FGAeWc8gKKPzeGqjv4NFUUTPUssKAH4aDEut6atXWQfW,1
Bajde1bEyJTPTJQGasnWSsr9Fic17y2LMHkYwaQhomvA,1
H8jQTnXqbyZ9keygdQDmonbEN8Ttxb3Cq4cBzxGk5cgQ,1
AZDajJyRXTRu9gfCTFZgJTkqvQHBtA7W3ab4y5TdCbew,2
NB5HXPAQBPZ4eCTnU4WsAQry4g7KVipf7RDfEJpYTFp,1
43EBAzUoATYgbR8gf8f9HGx5ZCkcBKmn8MuAU8S8NEvF,1
9Ux5i76PKh26VmaSEc5acC3PzjbTbau81ZtxkkZscxVD,1
74wwrNvc1mfkP8WkKrVVD3yvUy3hP95i7oTD5jkX6zat,1
9VjqFt62WT7JxMxMWHqtWJcdr3Zu2qfm5vtNyyVZgm29,2
AfAUgVW68ZTMr9piL2d5XA6NmvhXbgbQrqRqgCf3zW6J,1
C1rZxunSheLakK975XPzm5dnh2FbVWgJinow4wYq17pN,1
FcijEGRujrjgSSg1tc5SZejWt8XYikiNguaBK6FfSqw2,1
3cmGRfLA1PCJaMkUMYuLBE3oPbwNccUbven1U8LfKB35,1
8Yv13nktYGUgu2X4EZNvnwYCJ4iyFE8xL7zpb17TNaqq,1
79FESyKzLG9HWDnpmXF7GyLJZJvTmRa7Pxg9DyMYQWfy,1
FhyaE73RCor7wKwVMFuTbW3NvwBmrwLA3TfaqbDZgemn,1
7f32xTzPkH98KjrV33Y9GfMxTfNimvVzB1iEs9diHSU9,1
BeyEwp9QQLujpakiU68PzKm5LkChRXFou3HDGQ5yLAnE,2
Hze95FdKgDJFGXGy9nXY24nr5wRjohe35bjZXKsYs4yo,1
73D3GB7ovFqnubSdCXoGr1p3q3KY7kD9jdn9GxuK6CiS,1
tXD2CZfE5DKtQCE2VoSNXGm9Zh9s1ecmVri7SrbXN5X,1
8G73CkB9y4djR9pqKpDnzuPWveoK8x9daijyfjs2cDLg,1
EE1M3mKCdW1B9nVx5oYbAxNHT7DpvwguamdPMofTXwkW,1
9UfWtU6vs2N34q7ADZ4k7Nk4oYvudR8FHW5rmdBGiHmZ,1
4R5s5STg2KSjNRpYNW7AcismaTFE5CoaUxn8dbQt5rdW,2
EV3uKB4BsdTjrFAhPcFYUyKZrCSBjYBABxas1QCFC299,2
ATJNT6xPKkzy1ThyeuQA9q1f46vbAgSzTdAHUNv34gfC,1
GHAzzBHB744TLpQNBwuiyceSgWrnsuNgCVwNiBt96rVS,1
ABD3YXPJcYKoikFebia9dtJ1rDpa9cEySckCFay27KP3,1
CQL2Kr4Zp6iwL5txgNB8c4zQRmGYUXk1rrzAAktpj1kA,1
CXWg4ZR7kVysqpnN3ZA93DVTbmZgcgNkHH26CRAdZ5Mt,1
Aa9s2Gr2UgYhyQdTRmMNotqs3eNn6BWbTiiM96w8muWT,1
8SbUxqaRxJq9mA3CNLYGDLfUYs7ugYZaebkX5gsf3Buy,2
5D8Ngpy7CfnmTXSucjxBJVUy6ddCtwnZcJ6g3W6mdDUy,1
7UJu2RBQEiXz1kMEzimrtvXZ85CBARBqMMbkTyJLTp3b,1
AGqjYRqofj46qYExBEiJBDuqD58rJwfnm1oCwkAA4qPM,1
2pSGX7BeZVywLYmsxjV38iYMTKV8ZzbT6ch3667AFAvp,1
FxgNeoRwdLHq1oSAwSxDvSfSFrBfygnR3wUFMfVYzrNV,1
HNycbVmbjjCoBcMEbWDXyNAZnGBSWA8szVYj5vL4XVz5,1
uWCESaEpkauYCuh9oGG1ZvYkxyvy9RRs286erTHNPsQ,1
DxDc3FH2sVZ6TSEfeVLkpAxWayz88hDHUFmQPf31XAfe,1
HD6UApM4qW86Nx9iiaVCDdHoBfCa6W2RhuuHjXmjbYM1,1
5nZMPyMuo21TkUu2iREjZoKGdrm2dTtaAgBDABrpjYDX,1
2bvvEE7QQhn9cELKD8Suh6iuTyQ4jpzhfvgNXhjb8G4o,1
CspFvf8Fd7r4auufy3tqUGYoNcJLxXAfNERAqtx7yGhd,1
B333QuKE1gjRTEt9vVcktkA3zW3pLwES8HzzRHS56fjj,1
A2unjTX4gYBHj1aVZdtpk2uYBPPcnbxNffHbuF7hHmGi,1
CZhs326vSWH8XPczLgvApADLJiiKaySRsXDdF8MNzQai,1
EcKiubeVSFXtUe9cEj1jBLjENnrQFw9VWgCNbqvHaABk,1
DUtHG1N2T2yGnpB4LA27LE6FZdSfydudv4ox7M1Seok2,1
DumydvNCVP7z8KgReB6cc9VzkxAb2a2TrGWzBEGb2TBy,1
8dsN4pKv1gAkYmPqajdmn6kSAEco9AQeATViQtWmWm9F,1
APGVKfBuJDuRLaXxXvQ59h1Prp5sH9F6Bjd9ybM1WBs5,1
FzkRsTAFTFCfgRR75E3Fp9x5C94gm6w3gLaPh1D9qhsC,1
93PoC6Atr18n4bY7ajfPHpe1SBrzDbYub8EPoTaLEZ8D,1
BrqySP1jmDRHAVZVXoo9WSEbLgeDdq1mXwWU3kbbeNxF,1
4PRUuyQqFhJ14xXMB14Sev9io3LDJUppYua96eNGZkKN,1
4VbBRhkWVkovRYBBLMEH3ewVDNTZjDBrtwtX6DyDQGY9,1
GtYr6Qpkth39YVvBNFKxZY8q1v1ZsFA7ZfieTjLYhAk6,1
6ztMdXFXcCV3eec8QNsnQiHiLdzussiRT12AzCX9d5xS,1
7kpM8Xkp2wpPHwAzBWJpt4XaGLcm7kMZaoR7YssTx8ce,1
BF1iKnQast5wNdTDw5SM8V7LU21XJYj2rUyx4gLcaDpE,1
HxsE6wENbRkVJ3QRPbHebQGYDQznFa8jm3asfUkz6CEo,1
6mUV71XNAJYvhmaZUiNjEgejBkGvvPNmGV7Rr3qPyXDo,1
4DJKp3bRj3L6f6PZnfKNXtXMv9mGyUoNf83XAjRFhXc8,1
4BV39UXXtmGkhCiXfiN2g5KsiZUooQWG7HQRsdacWqee,1
VX6XtPRXM8vAGBSiqNueMah5vHYMbxEJtU3Q2WwN2Pe,1
DvDr6xNC9rRuzrCURnP6bUPmraSBxyGQAN5gcmZHyvnD,1
2kVfkNqvc2oW1iSLEqQEmr4q7b8mrKPPG46DRVzjb5NU,1
88BRG9vmTiiAvCPTQ2BAnMfxdyTzyqXsEaNrnd87ZbDm,1
6nosVtgKuRWpt6k6ggxPNW7Tq1F3HSH9TDWLuhrGG1Xx,1
2D1qfhoyvbFTTXS1xwe1RKVWCQifjvPqEpFqQXk1Veow,1
6q9XiSSgqo5U2dEwwP664Bg19W691VcE8fSUukB5PkbY,1
3Y3qqAn7XiE6tLayAFuAoxq4xA8D7poZvA3UBPfoofmJ,1
AHPBym22bNyGDu5qKSsHtrQLmYdS3Q6d5MrQKPgyGdfX,1
6wF7dDJHsrtF4RfbLpW1WYCm2R1EpvEPtGsEMretrM6S,1
ht5HCwA5MJRVGuxAMpsrzvVSqCVkDBRoKqvEVs436kA,1
HgaEw851my9UPLkvktRDbuXvjPoPRPgXEZjWVHfYiUn9,1
58wKeASpyJbhnHHvu3Dcwkf4Wta6Tiwbe2SEEZhWMH4L,1
FQmJBxGYLQVEousQnSfu7Y2gw4SUNyKNhA43ZzmcDoiN,1
85F9YWsGHmtoNCKHZoRFC7fgHs3YhuBP5HBNTpR2d7pD,1
HKPGSQTRAJxrvi7gHdfRJws1tsTACSFbPYqEX6E9Ag59,1
5g4L4Gr5KhodhnvZsrMMSKhEj6Pgzx9rbqAajDot7rpZ,1
5Y57tZVx8tg7QnuG6An2CE4TUPyb4MjwD63ZxBGkhWrK,1
J7efDiyXxKk5Dvqg6dTCnmnzjrv4KvsfuWZPfx6gsSe4,1
5h9gEGvZbj9QmwsUKsiTyxEV5ZanB7e7Ba8RXPELN24Y,1
6kFnLdNbaQGtmvCLu9LtyJzdVUcWKPnUYEGNT6J4Fznd,1
EunhmGgP8HCEr5GtjVf8LVXVBCpeVgPxUvEV3a52ubf9,1
DcqThcYNDSsytSh3gVxpeWdE862Yg9zoh4LwcjTGWaHZ,1
DJoZxprcwAKb59FAhLDGV6GA6Uz8rtKjfUwCupncjYqU,1
7Vyusga9ADAWejeUM69jtFRDp13SBbTerkqe4jsDA2Gn,1
GM6sfoph6bdohzbw4czXTX3mjTxPN4ofcHvwpe5e1GoL,1
FyFDhvEFjYettCnRxqfhkW8fQPDjZR4xvnSUGcXcTbCH,1
3j9eugjUcFyUibcQpkg6u1iFei7ZMcGKp63kmjNT24fp,1
D2cpN53XjtLqsH9p59AEA29tdVYmVqwg1UGG21wvby7C,1
CKVYRxhaDkD3ehQXFHC8hdUmRXRarFgzQYXAoXX1m11U,1
3DEjA83G8z4CnTGBuynMeQNu8KNdsKutSUyhUBLxtpqW,1
27BDAeXB8V3NuEz2yEGxJt6Y7K93j3aT4KXqUUrnM6Q9,1
6cZjSW9FFRFLYSUMK2diKQxmN3jg4VYabA8itrxMirNF,1